method,imp_id,syn_id,variable,cosine,js,wasserstein
ecdf,1.0,1.0,sbp_bin1,0.26054985471991965,0.03927401254348027,0.0059868120389110335
ecdf,1.0,1.0,sbp_bin2,0.1607756513689983,0.035440452677758284,0.004357855674239017
ecdf,1.0,1.0,sbp_bin3,0.11773637337574017,0.03367419110009675,0.0491158007029828
ecdf,1.0,1.0,sbp_bin4,0.15141849456470657,0.03751425959119822,0.008611929248823789
ecdf,1.0,1.0,sbp_bin5,0.09926158208862257,0.0300503078345578,0.004019903587377638
ecdf,1.0,1.0,sbp_bin6,0.08028883485618143,0.03579902780342866,0.00877571379428978
ecdf,1.0,1.0,sbp_bin7,0.09650549737995706,0.03497569082313771,0.06488512183210696
ecdf,1.0,1.0,sbp_bin8,0.11620505848165408,0.022116078051246612,0.0709433875398985
ecdf,1.0,1.0,sbp_bin9,0.11335810338678132,0.025290310834401822,0.025952558828331303
ecdf,1.0,1.0,sbp_bin10,0.08663010290488316,0.021161263297001763,0.0025555781712915913
ecdf,1.0,1.0,dbp_bin1,0.2176862262657776,0.06089593051171988,0.002913859042068822
ecdf,1.0,1.0,dbp_bin2,0.10295728318695385,0.034751547539524044,0.003800555902206589
ecdf,1.0,1.0,dbp_bin3,0.026460459423903404,0.03394907785846279,0.05989655623588834
ecdf,1.0,1.0,dbp_bin4,0.10721500185036936,0.031855936822179784,0.00999832570599396
ecdf,1.0,1.0,dbp_bin5,0.0979570006936391,0.01676150368523038,0.0031906483677410225
ecdf,1.0,1.0,dbp_bin6,0.08622021635404387,0.03152192316855932,0.05015950061941964
ecdf,1.0,1.0,dbp_bin7,0.07848088265005904,0.03200857465961534,0.001636733124622398
ecdf,1.0,1.0,dbp_bin8,0.060520684091886934,0.022887533321217315,0.0028280686088477153
ecdf,1.0,1.0,dbp_bin9,0.08055946859516683,0.027333458321684635,0.03734359162559882
ecdf,1.0,1.0,dbp_bin10,0.0925260295398368,0.03776856956510158,0.017010003082668302
ecdf,1.0,2.0,sbp_bin1,0.2620553057191878,0.039085744697745575,0.0031794737872951704
ecdf,1.0,2.0,sbp_bin2,0.16011241315191205,0.03560539626349562,0.003327315580963846
ecdf,1.0,2.0,sbp_bin3,0.12699172082074506,0.03292338152743796,0.02390089725729843
ecdf,1.0,2.0,sbp_bin4,0.15072526539047337,0.03724902932123871,0.01259002375460001
ecdf,1.0,2.0,sbp_bin5,0.10692976551657707,0.03408127231803276,0.03486240499216271
ecdf,1.0,2.0,sbp_bin6,0.08067222154429621,0.03600578213553092,0.00871207430340572
ecdf,1.0,2.0,sbp_bin7,0.07213661854699882,0.034569581257009006,0.0036711588660231923
ecdf,1.0,2.0,sbp_bin8,0.11490876789512283,0.02204138897764901,0.07255152733606669
ecdf,1.0,2.0,sbp_bin9,0.11038712911111814,0.023288737497267075,0.0020757892760387264
ecdf,1.0,2.0,sbp_bin10,0.10911644881561833,0.02085413776164393,0.0448502243123922
ecdf,1.0,2.0,dbp_bin1,0.23173747583830084,0.06356131817518872,0.005263157894736841
ecdf,1.0,2.0,dbp_bin2,0.10032020962004029,0.03445406456230504,0.0033325770038005508
ecdf,1.0,2.0,dbp_bin3,0.016648590726672796,0.02989220537937486,0.0011298865634203426
ecdf,1.0,2.0,dbp_bin4,0.11032880188995009,0.03299083401318902,0.008525483007019328
ecdf,1.0,2.0,dbp_bin5,0.10273227351582925,0.016135263721764274,0.015413899908254985
ecdf,1.0,2.0,dbp_bin6,0.08431665735945992,0.027774242230826213,0.0045807168183177455
ecdf,1.0,2.0,dbp_bin7,0.07917502718331704,0.03733617444581785,0.06734159855267169
ecdf,1.0,2.0,dbp_bin8,0.07381648736842983,0.02457746152051019,0.021209848918219844
ecdf,1.0,2.0,dbp_bin9,0.0796813606711696,0.024716172065173937,0.0022951909521978725
ecdf,1.0,2.0,dbp_bin10,0.09737823820296765,0.03875023771175285,0.01445848963150084
ecdf,1.0,3.0,sbp_bin1,0.25773017275307,0.03869005650695539,0.005588561728798066
ecdf,1.0,3.0,sbp_bin2,0.15542425607686017,0.034407559998529555,0.0043001855473647375
ecdf,1.0,3.0,sbp_bin3,0.11506004613155374,0.03342361317169009,0.04172777225282105
ecdf,1.0,3.0,sbp_bin4,0.14196949656787083,0.036385646792749776,0.0057814302191465
ecdf,1.0,3.0,sbp_bin5,0.09886422710894571,0.033006350767304474,0.03598824708223309
ecdf,1.0,3.0,sbp_bin6,0.07936327543275445,0.03531133713054743,0.0024616038365810654
ecdf,1.0,3.0,sbp_bin7,0.0688299686425774,0.03511774070477256,0.018141267279209308
ecdf,1.0,3.0,sbp_bin8,0.11401337154677871,0.017088195721625118,0.0014268897370955603
ecdf,1.0,3.0,sbp_bin9,0.1170303687286064,0.02274671321258706,0.019479370635623435
ecdf,1.0,3.0,sbp_bin10,0.08642662253022104,0.020688925179649893,0.002874460049302311
ecdf,1.0,3.0,dbp_bin1,0.2220289254731016,0.06255111834539635,0.006082680750318707
ecdf,1.0,3.0,dbp_bin2,0.1052759869942459,0.03356872217347963,0.022281756466377062
ecdf,1.0,3.0,dbp_bin3,0.025861542409637672,0.03339173092588546,0.06272154522935161
ecdf,1.0,3.0,dbp_bin4,0.10541059380989781,0.031120295376686338,0.013090036151331766
ecdf,1.0,3.0,dbp_bin5,0.08862345970214658,0.015550025866118531,0.002357995412309007
ecdf,1.0,3.0,dbp_bin6,0.08154061419447145,0.027109186012776076,0.004374813106070316
ecdf,1.0,3.0,dbp_bin7,0.07901470508164432,0.03673934602712535,0.06493053787171481
ecdf,1.0,3.0,dbp_bin8,0.07475366526615956,0.024742697922601028,0.02145871121218865
ecdf,1.0,3.0,dbp_bin9,0.07865252613545515,0.028200081760469505,0.05361147727064701
ecdf,1.0,3.0,dbp_bin10,0.08939482467579896,0.03822930091589295,0.0022392634849382168
ecdf,1.0,4.0,sbp_bin1,0.25221630615960255,0.03820036139390677,0.002879153881308354
ecdf,1.0,4.0,sbp_bin2,0.16278502580832332,0.034425982749786435,0.014656068736105515
ecdf,1.0,4.0,sbp_bin3,0.12719028820129819,0.033167714424253064,0.025447255551061636
ecdf,1.0,4.0,sbp_bin4,0.13874424272560193,0.03607421105079207,0.004062139561707045
ecdf,1.0,4.0,sbp_bin5,0.10402521630905515,0.030324854232285006,0.006053145239996446
ecdf,1.0,4.0,sbp_bin6,0.07936876801961579,0.035183809609257766,0.0024289746858495707
ecdf,1.0,4.0,sbp_bin7,0.07104578174738052,0.03426066183660393,0.002284799368663876
ecdf,1.0,4.0,sbp_bin8,0.12852831157647193,0.017045594528568575,0.025191893267636017
ecdf,1.0,4.0,sbp_bin9,0.11168060240438138,0.022885200599102578,0.0036013653067246076
ecdf,1.0,4.0,sbp_bin10,0.10817042659524145,0.020802912308826572,0.043919759368568415
ecdf,1.0,4.0,dbp_bin1,0.2193267547883263,0.06160467001812881,0.006556182844654882
ecdf,1.0,4.0,dbp_bin2,0.10533384153893999,0.03781602637876439,0.033095749535053356
ecdf,1.0,4.0,dbp_bin3,0.016166876294886223,0.0295294471936563,0.0015582132338943563
ecdf,1.0,4.0,dbp_bin4,0.10683135909770725,0.03169789075688124,0.009896068733276107
ecdf,1.0,4.0,dbp_bin5,0.09157456874032877,0.027353577121138416,0.16157455757561126
ecdf,1.0,4.0,dbp_bin6,0.093581202528634,0.027762737678447037,0.026729274270380726
ecdf,1.0,4.0,dbp_bin7,0.078963104511933,0.031916828655026194,0.0013465516925724554
ecdf,1.0,4.0,dbp_bin8,0.07564101675341195,0.025054348385772602,0.021778780416340897
ecdf,1.0,4.0,dbp_bin9,0.0785447982735139,0.02446560962526244,0.0018927015250544683
ecdf,1.0,4.0,dbp_bin10,0.08736127958659978,0.03770287693224351,0.003204588671716704
ecdf,1.0,5.0,sbp_bin1,0.2580078554373816,0.03870048608045918,0.003251289416987658
ecdf,1.0,5.0,sbp_bin2,0.15450512519313508,0.03495909351049731,0.00448071811844942
ecdf,1.0,5.0,sbp_bin3,0.11451083657430183,0.02987861084514353,0.002998846597462508
ecdf,1.0,5.0,sbp_bin4,0.14597268963330168,0.03773384135794305,0.0030610222029988495
ecdf,1.0,5.0,sbp_bin5,0.10323483543401313,0.030741182001893987,0.0028250968562387262
ecdf,1.0,5.0,sbp_bin6,0.07953862249845678,0.035348552779502405,0.003005675954592349
ecdf,1.0,5.0,sbp_bin7,0.07479696794178681,0.03525348469221639,0.0033539731682146537
ecdf,1.0,5.0,sbp_bin8,0.12022109013216697,0.022590168387882487,0.07216624424022818
ecdf,1.0,5.0,sbp_bin9,0.12236967211506344,0.023623961136154382,0.015511276329957701
ecdf,1.0,5.0,sbp_bin10,0.0894579536184299,0.02129496716005289,0.001836397765565273
ecdf,1.0,5.0,dbp_bin1,0.22043346413020903,0.061877738232810675,0.002522309233290842
ecdf,1.0,5.0,dbp_bin2,0.09959605427344975,0.0344251715913174,0.002975211299563219
ecdf,1.0,5.0,dbp_bin3,0.016564559058384942,0.030100168679504012,0.001973662109046932
ecdf,1.0,5.0,dbp_bin4,0.11026573969339393,0.032838879076923524,0.009859506846643601
ecdf,1.0,5.0,dbp_bin5,0.0915863704584684,0.025710882299242354,0.14239478786974907
ecdf,1.0,5.0,dbp_bin6,0.08466077511894965,0.02800243410979209,0.0029668076380879177
ecdf,1.0,5.0,dbp_bin7,0.08088823909793275,0.0314181088079351,0.015092000584654583
ecdf,1.0,5.0,dbp_bin8,0.06136573171051707,0.023342294384753805,0.003705398668006109
ecdf,1.0,5.0,dbp_bin9,0.07617507460252682,0.0265885901743397,0.03681698763878722
ecdf,1.0,5.0,dbp_bin10,0.08811978393778508,0.03816879029806618,0.005256813907332932
ecdf,1.0,6.0,sbp_bin1,0.25750662145670056,0.03871342823087073,0.002853039106874719
ecdf,1.0,6.0,sbp_bin2,0.16054666298765807,0.03533923492578881,0.002462263677849651
ecdf,1.0,6.0,sbp_bin3,0.11884199417682861,0.03425333011211799,0.04865768519296418
ecdf,1.0,6.0,sbp_bin4,0.14574975529503698,0.03753597166595459,0.0021058607266435984
ecdf,1.0,6.0,sbp_bin5,0.09621890690719892,0.029930281936080452,0.0027219560524058832
ecdf,1.0,6.0,sbp_bin6,0.09778183965531795,0.035876240304924596,0.044354658271977224
ecdf,1.0,6.0,sbp_bin7,0.09482323426628214,0.03621397270994504,0.049660998300248685
ecdf,1.0,6.0,sbp_bin8,0.13517299951181683,0.017184942036503472,0.030857241727523174
ecdf,1.0,6.0,sbp_bin9,0.11116205667123347,0.02347060035771874,0.0017713446527721896
ecdf,1.0,6.0,sbp_bin10,0.0879062459693356,0.02123023210892699,0.0015226044281611154
ecdf,1.0,6.0,dbp_bin1,0.21770385607220255,0.061499446435318295,0.006028045893279911
ecdf,1.0,6.0,dbp_bin2,0.10990743669002656,0.03881271256571332,0.03374553292869685
ecdf,1.0,6.0,dbp_bin3,0.017128464144179123,0.03149081879586118,0.02731552883398878
ecdf,1.0,6.0,dbp_bin4,0.1100884715234115,0.03228054220499879,0.010994667876793908
ecdf,1.0,6.0,dbp_bin5,0.09380340100362172,0.01606038151363598,0.0016834493215660377
ecdf,1.0,6.0,dbp_bin6,0.10059607798337455,0.027449240442610948,0.04587049425434623
ecdf,1.0,6.0,dbp_bin7,0.08592832070493595,0.03715565774419538,0.04290453235089968
ecdf,1.0,6.0,dbp_bin8,0.05966316155869855,0.022593582761949005,0.0024143319566915914
ecdf,1.0,6.0,dbp_bin9,0.08065901214622107,0.02503514020455322,0.002718505702934766
ecdf,1.0,6.0,dbp_bin10,0.0924505292411193,0.03790434216632396,0.015347094499344465
ecdf,1.0,7.0,sbp_bin1,0.25081082951392286,0.03765721710536636,0.0046876020108376285
ecdf,1.0,7.0,sbp_bin2,0.15562895446615477,0.035205323993235164,0.006670523632952598
ecdf,1.0,7.0,sbp_bin3,0.12592259790097493,0.03464003487431177,0.037433904042900534
ecdf,1.0,7.0,sbp_bin4,0.1406197516981189,0.03660522991914748,0.0030231761822376037
ecdf,1.0,7.0,sbp_bin5,0.10092852678980957,0.030466060009979923,0.0038065980540028933
ecdf,1.0,7.0,sbp_bin6,0.07669183412861413,0.03436550463419377,0.0035656832392399716
ecdf,1.0,7.0,sbp_bin7,0.0693692666032496,0.03386257843150169,0.002699113701208038
ecdf,1.0,7.0,sbp_bin8,0.11620916188775554,0.021965445816314932,0.06971697885977457
ecdf,1.0,7.0,sbp_bin9,0.11250000367072832,0.022393795457114715,0.016417153956886282
ecdf,1.0,7.0,sbp_bin10,0.10038244862943368,0.020118583350659098,0.039828784743424245
ecdf,1.0,7.0,dbp_bin1,0.21985127888970823,0.0617355024252485,0.005882352941176462
ecdf,1.0,7.0,dbp_bin2,0.09759182863444171,0.03376142915693221,0.0024817062794259513
ecdf,1.0,7.0,dbp_bin3,0.02523819148004569,0.031324831646356244,0.09092193116538456
ecdf,1.0,7.0,dbp_bin4,0.1045483627739866,0.03292998324107452,0.013714390246927294
ecdf,1.0,7.0,dbp_bin5,0.09070622938262707,0.016031722110017757,0.002081956378056843
ecdf,1.0,7.0,dbp_bin6,0.07929462990497749,0.02669389469862965,0.0024969029005937893
ecdf,1.0,7.0,dbp_bin7,0.07526559480589512,0.031210577547635968,0.0022354039655077683
ecdf,1.0,7.0,dbp_bin8,0.05764080312232245,0.022426954934663654,0.002047847602038917
ecdf,1.0,7.0,dbp_bin9,0.07544357834916293,0.026447776481151087,0.03771568044924474
ecdf,1.0,7.0,dbp_bin10,0.09068521448259159,0.03875248258450262,0.0024356536467263056
ecdf,1.0,8.0,sbp_bin1,0.2475237348004674,0.037909629250933934,0.006084742443037146
ecdf,1.0,8.0,sbp_bin2,0.15821010398291258,0.03548530622462047,0.003048994533874927
ecdf,1.0,8.0,sbp_bin3,0.11689337312981596,0.029296582926667376,0.010256669512725004
ecdf,1.0,8.0,sbp_bin4,0.13746210053125452,0.03603461451329895,0.0035368007497116618
ecdf,1.0,8.0,sbp_bin5,0.10063216637041061,0.030398863203344863,0.0019367550941945394
ecdf,1.0,8.0,sbp_bin6,0.080959609109161,0.03596920243038713,0.008018500478920693
ecdf,1.0,8.0,sbp_bin7,0.07153944368560239,0.03773142016098402,0.04694339529682723
ecdf,1.0,8.0,sbp_bin8,0.11569857628103208,0.017227028143789885,0.0032764955588056965
ecdf,1.0,8.0,sbp_bin9,0.11611365107526073,0.028378138704211985,0.05479141179658299
ecdf,1.0,8.0,sbp_bin10,0.10648015598035943,0.020638737137263278,0.042985623459302756
ecdf,1.0,8.0,dbp_bin1,0.22822828778224025,0.06223866498066224,0.009925332362046978
ecdf,1.0,8.0,dbp_bin2,0.10242864604829682,0.03403068865550006,0.007365704237336211
ecdf,1.0,8.0,dbp_bin3,0.026975789343010148,0.03376719351759328,0.06638699454653378
ecdf,1.0,8.0,dbp_bin4,0.10395787137342949,0.03140728943358557,0.006573464300331138
ecdf,1.0,8.0,dbp_bin5,0.09120810684156033,0.02501355058632623,0.13677101039889378
ecdf,1.0,8.0,dbp_bin6,0.08502041394361215,0.027302782439112345,0.00732154299628348
ecdf,1.0,8.0,dbp_bin7,0.07793981929005411,0.031500133693851746,0.004722542611815969
ecdf,1.0,8.0,dbp_bin8,0.07502972990740098,0.024899532215418525,0.02357352476094771
ecdf,1.0,8.0,dbp_bin9,0.07968582349511344,0.028090856611128822,0.04690799719264912
ecdf,1.0,8.0,dbp_bin10,0.09323264419637489,0.03854081516875684,0.003919490424680738
ecdf,1.0,9.0,sbp_bin1,0.2560797356806751,0.038475867875417305,0.004785532414963781
ecdf,1.0,9.0,sbp_bin2,0.16454283905211686,0.03475950010468339,0.013054120767375506
ecdf,1.0,9.0,sbp_bin3,0.11505425404630232,0.033168071004797704,0.043407293941369385
ecdf,1.0,9.0,sbp_bin4,0.1434728642139962,0.03724882514214014,0.0022094867358708145
ecdf,1.0,9.0,sbp_bin5,0.10370047158726947,0.030625863980867765,0.0022066217135421292
ecdf,1.0,9.0,sbp_bin6,0.09441228574947169,0.03528201505026576,0.04235853474516712
ecdf,1.0,9.0,sbp_bin7,0.07179453572742966,0.03419880172090196,0.004230407333211925
ecdf,1.0,9.0,sbp_bin8,0.13745619991555347,0.022043814598429218,0.04347838278116882
ecdf,1.0,9.0,sbp_bin9,0.11219456499955605,0.024921180113532896,0.019205534808880747
ecdf,1.0,9.0,sbp_bin10,0.09041951020096206,0.021119871255678328,0.00250808512563041
ecdf,1.0,9.0,dbp_bin1,0.22389580698415146,0.06295729553335815,0.003915498087779993
ecdf,1.0,9.0,dbp_bin2,0.10897851866246488,0.03435980340372415,0.021716752667103073
ecdf,1.0,9.0,dbp_bin3,0.027404058599032277,0.03441650813651967,0.060938250529404256
ecdf,1.0,9.0,dbp_bin4,0.10383960352048238,0.03209980401263578,0.0039401718941846145
ecdf,1.0,9.0,dbp_bin5,0.08942394066966797,0.015433035537666992,0.002592563793527985
ecdf,1.0,9.0,dbp_bin6,0.08143284877993995,0.027130096537230974,0.002311504122346108
ecdf,1.0,9.0,dbp_bin7,0.07868375000999195,0.03177411222806931,0.0024999542300580347
ecdf,1.0,9.0,dbp_bin8,0.06189678534652099,0.02309015683188264,0.003615730922349968
ecdf,1.0,9.0,dbp_bin9,0.08223002497783527,0.02772017080217352,0.03734810620623798
ecdf,1.0,9.0,dbp_bin10,0.09193429348219195,0.03885322341521057,0.002698546297162226
ecdf,1.0,10.0,sbp_bin1,0.25853479399489376,0.03864904824665595,0.00300972775347654
ecdf,1.0,10.0,sbp_bin2,0.15926755397970493,0.03513255107068819,0.0029537134546913373
ecdf,1.0,10.0,sbp_bin3,0.1171241671923281,0.02986622701184497,0.0034617055378301084
ecdf,1.0,10.0,sbp_bin4,0.13823601378505102,0.03676035470498373,0.0035241854094579055
ecdf,1.0,10.0,sbp_bin5,0.10433808938045708,0.03036059902553376,0.008940775679529979
ecdf,1.0,10.0,sbp_bin6,0.077130677671853,0.03445246521536521,0.004764614824257874
ecdf,1.0,10.0,sbp_bin7,0.07060815686797284,0.03397548679252272,0.0025761852728707554
ecdf,1.0,10.0,sbp_bin8,0.1146551977640814,0.017664184085733795,0.0018267161321775579
ecdf,1.0,10.0,sbp_bin9,0.11619454359957015,0.02280893672477442,0.01718085204898221
ecdf,1.0,10.0,sbp_bin10,0.08954606571525892,0.021024899935704038,0.0030938326887848602
ecdf,1.0,10.0,dbp_bin1,0.23040005795772978,0.06278348548921044,0.0030959752321981365
ecdf,1.0,10.0,dbp_bin2,0.10405264561124494,0.03472156394429179,0.002807873390436206
ecdf,1.0,10.0,dbp_bin3,0.026564935295213754,0.03181878235607186,0.09412559069887243
ecdf,1.0,10.0,dbp_bin4,0.10367334161211517,0.031679448169908773,0.002491907578970864
ecdf,1.0,10.0,dbp_bin5,0.09294959042534146,0.015860993014336182,0.0015519095939763906
ecdf,1.0,10.0,dbp_bin6,0.08454126690209851,0.027666564171968264,0.0037511213635781126
ecdf,1.0,10.0,dbp_bin7,0.08297866646864782,0.03278757538077515,0.0021850570293476855
ecdf,1.0,10.0,dbp_bin8,0.07527993512332742,0.02238034405195783,0.05380920227620107
ecdf,1.0,10.0,dbp_bin9,0.08032663743110036,0.024725856489665316,0.00472614699474561
ecdf,1.0,10.0,dbp_bin10,0.09110848657344661,0.03791763733324172,0.0045606159793011025
ecdf,2.0,1.0,sbp_bin1,0.2928929581970928,0.04574330293314489,0.006646210093360313
ecdf,2.0,1.0,sbp_bin2,0.14457152177920418,0.03343949486135294,0.01235246919589179
ecdf,2.0,1.0,sbp_bin3,0.028423852900353763,0.03411591533485825,0.007947933571198476
ecdf,2.0,1.0,sbp_bin4,0.10855777480576245,0.03630563689572147,0.09743320509318323
ecdf,2.0,1.0,sbp_bin5,0.09771132824885131,0.031706649549108214,0.03174247577361755
ecdf,2.0,1.0,sbp_bin6,0.07798648862444957,0.034799521026753044,0.002935105930917255
ecdf,2.0,1.0,sbp_bin7,0.07292367058757676,0.03425927314038335,0.0023151520670187543
ecdf,2.0,1.0,sbp_bin8,0.1216271539454733,0.021627847215835067,0.030374922954747394
ecdf,2.0,1.0,sbp_bin9,0.1330750586464775,0.0234180153600231,0.00867519300985535
ecdf,2.0,1.0,sbp_bin10,0.08989985063876427,0.021133923303739758,0.0031837302395006455
ecdf,2.0,1.0,dbp_bin1,0.16961874149766265,0.05182748413547976,0.007840101985066471
ecdf,2.0,1.0,dbp_bin2,0.08745604477230928,0.03243330314031325,0.0025041450403690824
ecdf,2.0,1.0,dbp_bin3,0.04739721517923312,0.037544471906894986,0.06143339935727499
ecdf,2.0,1.0,dbp_bin4,0.10147560290638657,0.0328464919029767,0.019971521236417066
ecdf,2.0,1.0,dbp_bin5,0.09121800333649932,0.024564344855631023,0.13596607182198728
ecdf,2.0,1.0,dbp_bin6,0.08121265590052051,0.026829862612944236,0.0016784142851040168
ecdf,2.0,1.0,dbp_bin7,0.07969653651683106,0.0317903780488129,0.0024505226927372275
ecdf,2.0,1.0,dbp_bin8,0.07848655397763582,0.02371508437298842,0.04266174131086441
ecdf,2.0,1.0,dbp_bin9,0.08016850542131293,0.024680630891407988,0.00218946238626169
ecdf,2.0,1.0,dbp_bin10,0.10122780847849167,0.03797303968234899,0.003715451322141059
ecdf,2.0,2.0,sbp_bin1,0.2863492381364314,0.04573144170871625,0.004374224717633994
ecdf,2.0,2.0,sbp_bin2,0.14189979091948457,0.03730312315961876,0.037175566358256584
ecdf,2.0,2.0,sbp_bin3,0.0283243217584479,0.03357880778284492,0.0018314464563666689
ecdf,2.0,2.0,sbp_bin4,0.11906707218413548,0.03768961604460429,0.10005241862827062
ecdf,2.0,2.0,sbp_bin5,0.10074403619674221,0.03268916096268367,0.03580430726840754
ecdf,2.0,2.0,sbp_bin6,0.09829978787361304,0.03490775373980001,0.056546273581368406
ecdf,2.0,2.0,sbp_bin7,0.0742516454548946,0.03495812427110322,0.0020214897104352597
ecdf,2.0,2.0,sbp_bin8,0.09458660404440411,0.023304550156775912,0.07729492218780461
ecdf,2.0,2.0,sbp_bin9,0.12865413567326178,0.023599642943292705,0.0034584912396331087
ecdf,2.0,2.0,sbp_bin10,0.09454857423484553,0.022452312997419087,0.0032973743130470176
ecdf,2.0,2.0,dbp_bin1,0.17492337929626534,0.05250719308428613,0.0048625022764523795
ecdf,2.0,2.0,dbp_bin2,0.08839656064042267,0.03282092168913362,0.0026014633794694294
ecdf,2.0,2.0,dbp_bin3,0.03638837638170944,0.037481675277988985,0.012705732560403825
ecdf,2.0,2.0,dbp_bin4,0.10976213193804751,0.035533996003842716,0.036972977909466034
ecdf,2.0,2.0,dbp_bin5,0.10438663593460795,0.015931048632854196,0.014848825020508032
ecdf,2.0,2.0,dbp_bin6,0.08527979730211344,0.027864751165113485,0.0027139134520910747
ecdf,2.0,2.0,dbp_bin7,0.08072518027415332,0.03728413517429146,0.06546641235222597
ecdf,2.0,2.0,dbp_bin8,0.061573024657944675,0.0269669695194109,0.06134537446997933
ecdf,2.0,2.0,dbp_bin9,0.08138582492822,0.0250543276865456,0.0014753940792003087
ecdf,2.0,2.0,dbp_bin10,0.10544333416268281,0.03937020794095359,0.003005254389337443
ecdf,2.0,3.0,sbp_bin1,0.2969874282567554,0.0462998720189254,0.0025070183456290113
ecdf,2.0,3.0,sbp_bin2,0.14290301322321097,0.034496707612164314,0.0022365979639937823
ecdf,2.0,3.0,sbp_bin3,0.027851251828968304,0.03343225468186352,0.0017161062026181074
ecdf,2.0,3.0,sbp_bin4,0.11087202235668203,0.03933596049167779,0.06873019245537922
ecdf,2.0,3.0,sbp_bin5,0.09648839102511042,0.02917090398707558,0.002132315973146409
ecdf,2.0,3.0,sbp_bin6,0.08014487475170962,0.0353618404414938,0.00314985127177806
ecdf,2.0,3.0,sbp_bin7,0.0737851944225506,0.040580946662586374,0.07278107978344757
ecdf,2.0,3.0,sbp_bin8,0.09283834065854624,0.018200538739970375,0.002373040072173315
ecdf,2.0,3.0,sbp_bin9,0.12676606673062096,0.023351946064557115,0.00318902070632175
ecdf,2.0,3.0,sbp_bin10,0.11525643828693666,0.021519846099910978,0.04875502753763422
ecdf,2.0,3.0,dbp_bin1,0.17235560426115182,0.05259462205250584,0.005144782371152791
ecdf,2.0,3.0,dbp_bin2,0.08553842277851242,0.0325290544851139,0.003948601499423296
ecdf,2.0,3.0,dbp_bin3,0.03603053074206097,0.03702071729940549,0.00909561967201757
ecdf,2.0,3.0,dbp_bin4,0.11211906929615345,0.032227596719344914,0.009737803728826573
ecdf,2.0,3.0,dbp_bin5,0.0925517186346887,0.025375104318944294,0.1431025136697003
ecdf,2.0,3.0,dbp_bin6,0.09070909784866177,0.026944228500040353,0.02461042115584617
ecdf,2.0,3.0,dbp_bin7,0.08111188809230363,0.03233399153981651,0.0031837571629959155
ecdf,2.0,3.0,dbp_bin8,0.06272077790954367,0.023649167998489744,0.002637943222829931
ecdf,2.0,3.0,dbp_bin9,0.0821938338473388,0.025092787844148885,0.0034525983596052755
ecdf,2.0,3.0,dbp_bin10,0.10504559757148302,0.03858466157787164,0.003357682942458029
ecdf,2.0,4.0,sbp_bin1,0.2819088912073434,0.045775172834311185,0.004844290657439458
ecdf,2.0,4.0,sbp_bin2,0.14712318828418913,0.034593924202223174,0.002171405646657637
ecdf,2.0,4.0,sbp_bin3,0.028552991035787234,0.03377843837968007,0.002391910504921558
ecdf,2.0,4.0,sbp_bin4,0.07373891303787383,0.03695179445976542,0.0027142900503854773
ecdf,2.0,4.0,sbp_bin5,0.09733206380967818,0.029373803245230447,0.0015670747937183939
ecdf,2.0,4.0,sbp_bin6,0.08293518554000534,0.03634246837554202,0.00752163135636099
ecdf,2.0,4.0,sbp_bin7,0.07161318092293056,0.034181587322029285,0.002205123535482301
ecdf,2.0,4.0,sbp_bin8,0.09375426838407952,0.018181382960140362,0.0017737846449004755
ecdf,2.0,4.0,sbp_bin9,0.13092828700055492,0.02232046966010693,0.020934059898469172
ecdf,2.0,4.0,sbp_bin10,0.08957086363033506,0.021647741002295367,0.0021123097451206593
ecdf,2.0,4.0,dbp_bin1,0.17185019670949442,0.05325718730203564,0.006064469131305759
ecdf,2.0,4.0,dbp_bin2,0.0890493739832855,0.03313551738032683,0.0047839172433679425
ecdf,2.0,4.0,dbp_bin3,0.035609155380248225,0.03705572008485201,0.009950698545672305
ecdf,2.0,4.0,dbp_bin4,0.10475861227578309,0.03192876871862183,0.0022351824980466556
ecdf,2.0,4.0,dbp_bin5,0.0957741663154773,0.01611653867055701,0.0023055091170638806
ecdf,2.0,4.0,dbp_bin6,0.08332088075428878,0.031080627091161925,0.05102300397283073
ecdf,2.0,4.0,dbp_bin7,0.07954454000790134,0.03212882247244072,0.002077955365152596
ecdf,2.0,4.0,dbp_bin8,0.06057111040378427,0.024574468971345333,0.02304916906674152
ecdf,2.0,4.0,dbp_bin9,0.0813793850297384,0.02502514931861992,0.0016592176086120695
ecdf,2.0,4.0,dbp_bin10,0.10295604240659173,0.03881746301290546,0.0026293305993421315
ecdf,2.0,5.0,sbp_bin1,0.2899633784853781,0.046229463229761514,0.0028856825749167692
ecdf,2.0,5.0,sbp_bin2,0.13994745113457552,0.034294488294802,0.0037510656436487706
ecdf,2.0,5.0,sbp_bin3,0.028214493615198566,0.033507837712394,0.0022653721682847896
ecdf,2.0,5.0,sbp_bin4,0.07490397309073216,0.03760988749969118,0.0042706246585321374
ecdf,2.0,5.0,sbp_bin5,0.0967376070900492,0.029323680975479067,0.001815130275337889
ecdf,2.0,5.0,sbp_bin6,0.07974193251483774,0.03576764618941974,0.007589297638560187
ecdf,2.0,5.0,sbp_bin7,0.07706727074090158,0.03924656175292534,0.04877894173777539
ecdf,2.0,5.0,sbp_bin8,0.09520382698810881,0.018243989608420216,0.00155566594721756
ecdf,2.0,5.0,sbp_bin9,0.1274122490580909,0.023171452520919917,0.0029401466468940616
ecdf,2.0,5.0,sbp_bin10,0.11231663436541206,0.02109446455276011,0.04800770839508009
ecdf,2.0,5.0,dbp_bin1,0.17315151083842928,0.053412914452517404,0.006264796940448003
ecdf,2.0,5.0,dbp_bin2,0.08881277814507271,0.036248591464422414,0.040113619980077286
ecdf,2.0,5.0,dbp_bin3,0.04734615213841886,0.03785074884244967,0.05503607119524093
ecdf,2.0,5.0,dbp_bin4,0.10576039373300883,0.03134087434385735,0.009001785303663244
ecdf,2.0,5.0,dbp_bin5,0.09291829344084535,0.01551615899767952,0.0027023962261705737
ecdf,2.0,5.0,dbp_bin6,0.07950701118861037,0.02644482924988804,0.0025498739800931232
ecdf,2.0,5.0,dbp_bin7,0.08138428105015838,0.03779447370384769,0.06824042035114745
ecdf,2.0,5.0,dbp_bin8,0.062215436994908946,0.023651053392032752,0.003320311046619789
ecdf,2.0,5.0,dbp_bin9,0.08054137258871119,0.027422714000849932,0.038906182645369776
ecdf,2.0,5.0,dbp_bin10,0.10232609333457587,0.038803323989990424,0.0044929300696313415
ecdf,2.0,6.0,sbp_bin1,0.2909676891178069,0.04637693359865594,0.006378533655415549
ecdf,2.0,6.0,sbp_bin2,0.141362247466442,0.0340840454440267,0.004448121959781367
ecdf,2.0,6.0,sbp_bin3,0.027832071082478982,0.03345192261470485,0.0015246189852297278
ecdf,2.0,6.0,sbp_bin4,0.1103672443597774,0.037173704143784014,0.09108854261518895
ecdf,2.0,6.0,sbp_bin5,0.09712917766024087,0.029333282862477956,0.0027404400674296797
ecdf,2.0,6.0,sbp_bin6,0.09753777742820502,0.03638925334791258,0.037817823544367794
ecdf,2.0,6.0,sbp_bin7,0.1005988119900918,0.0353735372320183,0.06641048083204446
ecdf,2.0,6.0,sbp_bin8,0.09583271342679056,0.0237374578363992,0.0787805128727909
ecdf,2.0,6.0,sbp_bin9,0.12493452663059268,0.02456350687911596,0.02478945537013542
ecdf,2.0,6.0,sbp_bin10,0.09079336101462865,0.021821902974269843,0.003516181559128846
ecdf,2.0,6.0,dbp_bin1,0.17531256063632916,0.05301000154283926,0.002303769805135673
ecdf,2.0,6.0,dbp_bin2,0.09363372990050467,0.03269855690928574,0.016633907476652866
ecdf,2.0,6.0,dbp_bin3,0.04732439759453344,0.037251853420540756,0.0634539912221575
ecdf,2.0,6.0,dbp_bin4,0.10789973914971962,0.03358182756720615,0.01801236497128888
ecdf,2.0,6.0,dbp_bin5,0.0960865444991742,0.016338727834706402,0.0030195819239791115
ecdf,2.0,6.0,dbp_bin6,0.08376785049653579,0.02737786788284035,0.004144132598573198
ecdf,2.0,6.0,dbp_bin7,0.08006889282409135,0.037442029907834525,0.07094567357543183
ecdf,2.0,6.0,dbp_bin8,0.08147113194334676,0.024743252294849884,0.03794065501538371
ecdf,2.0,6.0,dbp_bin9,0.0814410830027733,0.027646839143823352,0.039732350902333874
ecdf,2.0,6.0,dbp_bin10,0.10341209912542715,0.03892913064424591,0.0033779742833952736
ecdf,2.0,7.0,sbp_bin1,0.28347741193463605,0.04505724788360406,0.006515636221192127
ecdf,2.0,7.0,sbp_bin2,0.1386220306253556,0.03364508503846753,0.004082042023970721
ecdf,2.0,7.0,sbp_bin3,0.07356206333073001,0.034691988560257375,0.1877749879945192
ecdf,2.0,7.0,sbp_bin4,0.07469880945741503,0.03732833399736179,0.0033820494141929246
ecdf,2.0,7.0,sbp_bin5,0.09949256352776237,0.032270300219939686,0.03692958329636522
ecdf,2.0,7.0,sbp_bin6,0.09570906623767805,0.035389227482218934,0.04398316292461228
ecdf,2.0,7.0,sbp_bin7,0.07193820728839861,0.03455964553055564,0.0018917319249681307
ecdf,2.0,7.0,sbp_bin8,0.10604942457251987,0.01782707963015298,0.026965313982260077
ecdf,2.0,7.0,sbp_bin9,0.12325383999700323,0.02335156927456236,0.012677587374819329
ecdf,2.0,7.0,sbp_bin10,0.08957807196766632,0.02138548773750314,0.0017906009001062927
ecdf,2.0,7.0,dbp_bin1,0.17300241652420556,0.0523613406311539,0.007894736842105265
ecdf,2.0,7.0,dbp_bin2,0.09470507600160472,0.03213055981936081,0.022757870344532458
ecdf,2.0,7.0,dbp_bin3,0.03483130048665539,0.03591992728152407,0.002785392231759014
ecdf,2.0,7.0,dbp_bin4,0.107577073383477,0.03205927426870933,0.0022128585779662884
ecdf,2.0,7.0,dbp_bin5,0.09758482482577302,0.016099924537863044,0.0023181447066599244
ecdf,2.0,7.0,dbp_bin6,0.08086440520048721,0.03038883201625797,0.04892685505574755
ecdf,2.0,7.0,dbp_bin7,0.08136438528599399,0.03228385861143422,0.002469746068361976
ecdf,2.0,7.0,dbp_bin8,0.060761773292846044,0.02522338649201211,0.042411350156492035
ecdf,2.0,7.0,dbp_bin9,0.07928338558324743,0.02437817918215944,0.003903146225810586
ecdf,2.0,7.0,dbp_bin10,0.11104956136909494,0.03816109021869655,0.023472671801167876
ecdf,2.0,8.0,sbp_bin1,0.29207257527200425,0.046709964252495184,0.007357837696676908
ecdf,2.0,8.0,sbp_bin2,0.146059810445612,0.037792908124409615,0.03527919080036079
ecdf,2.0,8.0,sbp_bin3,0.07060222444737763,0.034836463348019875,0.18023174026809516
ecdf,2.0,8.0,sbp_bin4,0.11010746299040619,0.03802889767598561,0.08288324951318976
ecdf,2.0,8.0,sbp_bin5,0.0980733991755558,0.029742535152357513,0.0030043918019696586
ecdf,2.0,8.0,sbp_bin6,0.09370870594442404,0.03502994671855719,0.04386587142596947
ecdf,2.0,8.0,sbp_bin7,0.07255343868686559,0.036188651976551245,0.02318484626981994
ecdf,2.0,8.0,sbp_bin8,0.10578987160045739,0.01768418086501714,0.02753012450319374
ecdf,2.0,8.0,sbp_bin9,0.13512898013376218,0.028569775739609508,0.057482527324655724
ecdf,2.0,8.0,sbp_bin10,0.11273030176341226,0.021167104920290742,0.04817404118206485
ecdf,2.0,8.0,dbp_bin1,0.17310286449678325,0.05357657989854731,0.007794572937534132
ecdf,2.0,8.0,dbp_bin2,0.08812463271009463,0.032732397932420214,0.0019337514417531664
ecdf,2.0,8.0,dbp_bin3,0.049581320773276816,0.038565542875572185,0.059423573350909184
ecdf,2.0,8.0,dbp_bin4,0.10593871232323693,0.03292326149001151,0.016199693666207705
ecdf,2.0,8.0,dbp_bin5,0.09350014919403327,0.025466305155102766,0.14267121462911284
ecdf,2.0,8.0,dbp_bin6,0.08275887794038572,0.027320265126652192,0.003104788756461199
ecdf,2.0,8.0,dbp_bin7,0.08319756600003869,0.032648869253289185,0.002979623221837757
ecdf,2.0,8.0,dbp_bin8,0.07594229638577776,0.022891127759135547,0.05267912194677128
ecdf,2.0,8.0,dbp_bin9,0.08045692495588619,0.02694786593717387,0.03713559324502258
ecdf,2.0,8.0,dbp_bin10,0.10373307614455929,0.038780523810263284,0.002287581699346405
ecdf,2.0,9.0,sbp_bin1,0.2994956187303256,0.04542646450712849,0.010145589867467497
ecdf,2.0,9.0,sbp_bin2,0.14273515729574993,0.03614347744404162,0.021736931640647286
ecdf,2.0,9.0,sbp_bin3,0.07548749857497594,0.03502223402607255,0.191777239620635
ecdf,2.0,9.0,sbp_bin4,0.07933601582753647,0.038153634359238006,0.0042820069204152255
ecdf,2.0,9.0,sbp_bin5,0.10062972485181965,0.02958865017463567,0.0032953301984443815
ecdf,2.0,9.0,sbp_bin6,0.08086616141742442,0.035987708306877336,0.008455846941459875
ecdf,2.0,9.0,sbp_bin7,0.07511560430472752,0.04062875740227803,0.0693379340665812
ecdf,2.0,9.0,sbp_bin8,0.12464985005866003,0.022468051117597716,0.0316615696171692
ecdf,2.0,9.0,sbp_bin9,0.12869064871318392,0.028806589497176075,0.06538702863924806
ecdf,2.0,9.0,sbp_bin10,0.09329051108739128,0.021666924806197183,0.004001289096953659
ecdf,2.0,9.0,dbp_bin1,0.1734813850983855,0.05235235277983459,0.006574394463667819
ecdf,2.0,9.0,dbp_bin2,0.09020466674652838,0.03301479266229225,0.004171172145328722
ecdf,2.0,9.0,dbp_bin3,0.03688345217293498,0.03769447778366129,0.012430393904442331
ecdf,2.0,9.0,dbp_bin4,0.10985634088741192,0.0324449833842107,0.002534695092458236
ecdf,2.0,9.0,dbp_bin5,0.09900074640724998,0.01615283581310507,0.0025092984979847846
ecdf,2.0,9.0,dbp_bin6,0.09515886870724366,0.027241312507403845,0.030907641366319773
ecdf,2.0,9.0,dbp_bin7,0.08367921032891457,0.032315301276108994,0.003398875890225363
ecdf,2.0,9.0,dbp_bin8,0.0644435038170138,0.02353757912533705,0.005256911113591544
ecdf,2.0,9.0,dbp_bin9,0.08326955367728661,0.0274255295580199,0.029826050295341217
ecdf,2.0,9.0,dbp_bin10,0.10673947134475448,0.03904816927189636,0.007622068435217245
ecdf,2.0,10.0,sbp_bin1,0.28322814868327195,0.04504915569564765,0.005000979304041262
ecdf,2.0,10.0,sbp_bin2,0.13893238630783322,0.033545953817678394,0.002509904217441448
ecdf,2.0,10.0,sbp_bin3,0.028364235307261176,0.03358609089888145,0.0019456669018264108
ecdf,2.0,10.0,sbp_bin4,0.07285423349445197,0.03669755292698395,0.004105202452498022
ecdf,2.0,10.0,sbp_bin5,0.09431415144853117,0.028884024428723384,0.0015611599089107666
ecdf,2.0,10.0,sbp_bin6,0.08270596858105872,0.03589054094690065,0.0036119711042311665
ecdf,2.0,10.0,sbp_bin7,0.07299797357653048,0.038162670156328016,0.04608494180639888
ecdf,2.0,10.0,sbp_bin8,0.10578734651611355,0.02237627258087243,0.043139773120244626
ecdf,2.0,10.0,sbp_bin9,0.13303212931372888,0.02293978288955733,0.016704230711892573
ecdf,2.0,10.0,sbp_bin10,0.11506742371769563,0.02082768237409001,0.05701137138454977
ecdf,2.0,10.0,dbp_bin1,0.16850356816129208,0.05115586845118606,0.012638863594973588
ecdf,2.0,10.0,dbp_bin2,0.08674729574828255,0.03206815486740965,0.005281322087658594
ecdf,2.0,10.0,dbp_bin3,0.04661156084458562,0.036656632897290854,0.06964778781387798
ecdf,2.0,10.0,dbp_bin4,0.10451688059539288,0.031440764931754024,0.0059102578412769365
ecdf,2.0,10.0,dbp_bin5,0.09288333982420927,0.015238071232102286,0.004956067026942965
ecdf,2.0,10.0,dbp_bin6,0.10160239995411846,0.026806997863536904,0.04923121876201422
ecdf,2.0,10.0,dbp_bin7,0.0842022279301664,0.032685228850834795,0.005202211603595688
ecdf,2.0,10.0,dbp_bin8,0.08142888584958075,0.022575730745765153,0.06606895699456211
ecdf,2.0,10.0,dbp_bin9,0.08463195829742043,0.024522898675481207,0.019958910034602057
ecdf,2.0,10.0,dbp_bin10,0.10129485911285285,0.038273475062576744,0.0032199154171472476
ecdf,3.0,1.0,sbp_bin1,0.28726751411158125,0.04766991948880124,0.0066331527061434786
ecdf,3.0,1.0,sbp_bin2,0.14157936394758097,0.034461706785387444,0.006866040533860606
ecdf,3.0,1.0,sbp_bin3,0.028230967209478264,0.031302688846944114,0.04470354387040659
ecdf,3.0,1.0,sbp_bin4,0.07709248918879597,0.038281509101630154,0.004785102895647408
ecdf,3.0,1.0,sbp_bin5,0.09645763481442293,0.02975834386501738,0.00783236851575965
ecdf,3.0,1.0,sbp_bin6,0.07743695411797791,0.035762835599999036,0.008284991602420275
ecdf,3.0,1.0,sbp_bin7,0.07297006908303005,0.036329399027495934,0.023469984923440764
ecdf,3.0,1.0,sbp_bin8,0.11844882994557737,0.017589920092163123,0.04817170086661978
ecdf,3.0,1.0,sbp_bin9,0.10845521640081923,0.023102284962022247,0.004354429870443398
ecdf,3.0,1.0,sbp_bin10,0.12146266047086429,0.02094068905488252,0.003096164936562857
ecdf,3.0,1.0,dbp_bin1,0.19156144707185274,0.05566540439764356,0.0040702968493899
ecdf,3.0,1.0,dbp_bin2,0.08767501831435665,0.03367176979377858,0.0048974553056516795
ecdf,3.0,1.0,dbp_bin3,0.01718356183405967,0.030527340519857712,0.0015251788893741387
ecdf,3.0,1.0,dbp_bin4,0.10870590399811741,0.03487580590339779,0.00726355247981546
ecdf,3.0,1.0,dbp_bin5,0.09034878429285387,0.029133579391356416,0.18207755012117183
ecdf,3.0,1.0,dbp_bin6,0.07878355633291523,0.031807491844834564,0.06626579668002688
ecdf,3.0,1.0,dbp_bin7,0.08132315214022645,0.033031136455117134,0.006193588546529726
ecdf,3.0,1.0,dbp_bin8,0.060691416876286985,0.023278645701803793,0.0020936116382036752
ecdf,3.0,1.0,dbp_bin9,0.08072374183669262,0.025106912740654286,0.0017869729591182854
ecdf,3.0,1.0,dbp_bin10,0.09610997726822768,0.03959460666587152,0.005876118332865741
ecdf,3.0,2.0,sbp_bin1,0.2866607281923218,0.046429826428711164,0.003003199059868113
ecdf,3.0,2.0,sbp_bin2,0.14077094867528206,0.033474381494623416,0.00913100790188148
ecdf,3.0,2.0,sbp_bin3,0.02798656161481361,0.02905564299460079,0.0016667186217359212
ecdf,3.0,2.0,sbp_bin4,0.10242543385528724,0.03704676367020001,0.0820244782838121
ecdf,3.0,2.0,sbp_bin5,0.10051311195874246,0.02950459492974384,0.008807393106701032
ecdf,3.0,2.0,sbp_bin6,0.07670310345698039,0.035469408593330774,0.004982395434954169
ecdf,3.0,2.0,sbp_bin7,0.07135762795597256,0.03467301162280056,0.0030079524069689823
ecdf,3.0,2.0,sbp_bin8,0.09134550967992627,0.017863817342140594,0.0019742026105724797
ecdf,3.0,2.0,sbp_bin9,0.10608964914633945,0.02272137095632659,0.0037830932646656453
ecdf,3.0,2.0,sbp_bin10,0.12495209777568028,0.021162500794199828,0.0029640042291426373
ecdf,3.0,2.0,dbp_bin1,0.18717369235377068,0.055440570113807784,0.006692769987251853
ecdf,3.0,2.0,dbp_bin2,0.08995629129591143,0.03406504631712118,0.0036611519607843185
ecdf,3.0,2.0,dbp_bin3,0.017507864692081543,0.03083896733605614,0.0012972979025990758
ecdf,3.0,2.0,dbp_bin4,0.10418575664269614,0.03457402128737832,0.010122149890198589
ecdf,3.0,2.0,dbp_bin5,0.09352380881877709,0.015827589748740066,0.00204534556717598
ecdf,3.0,2.0,dbp_bin6,0.0802574496231131,0.027357180046668383,0.002777991370840275
ecdf,3.0,2.0,dbp_bin7,0.07765938241440795,0.03221887793343577,0.004160487724501571
ecdf,3.0,2.0,dbp_bin8,0.07870902883381214,0.02321954031843911,0.053086601612876705
ecdf,3.0,2.0,dbp_bin9,0.07899022318617144,0.025033832174790195,0.0036512399077277997
ecdf,3.0,2.0,dbp_bin10,0.09045699858420209,0.03879341600719612,0.003790641852925586
ecdf,3.0,3.0,sbp_bin1,0.28131767148201947,0.046841028700433676,0.0031272442384278924
ecdf,3.0,3.0,sbp_bin2,0.1446934609561492,0.03443173925207774,0.003900148294611964
ecdf,3.0,3.0,sbp_bin3,0.027703332138892978,0.02887289175255119,0.0019685775741139014
ecdf,3.0,3.0,sbp_bin4,0.0767184604419634,0.03785161233806332,0.002699113701208034
ecdf,3.0,3.0,sbp_bin5,0.10125608294768662,0.029824637465448486,0.0037034572501700564
ecdf,3.0,3.0,sbp_bin6,0.07886284874007854,0.03550986881188419,0.0028918533357615486
ecdf,3.0,3.0,sbp_bin7,0.07512989362068423,0.03910385301461994,0.051531480587029825
ecdf,3.0,3.0,sbp_bin8,0.09557349458835118,0.023144057871247008,0.07525818906052953
ecdf,3.0,3.0,sbp_bin9,0.11783697825726192,0.0228306469030245,0.016464829205736387
ecdf,3.0,3.0,sbp_bin10,0.12993467438284823,0.02106753680493492,0.007449007466763872
ecdf,3.0,3.0,dbp_bin1,0.18800118287912881,0.05562909509800483,0.005326898561282076
ecdf,3.0,3.0,dbp_bin2,0.09161847677585777,0.03405686913053864,0.003786404267589381
ecdf,3.0,3.0,dbp_bin3,0.017360550697372745,0.030807323250365903,0.002222259549165182
ecdf,3.0,3.0,dbp_bin4,0.10604804672351842,0.03406579651083381,0.0024577085736255423
ecdf,3.0,3.0,dbp_bin5,0.09252209990274629,0.025889801843833028,0.14045438833654886
ecdf,3.0,3.0,dbp_bin6,0.0825614428353878,0.031576211899517745,0.0554905698662905
ecdf,3.0,3.0,dbp_bin7,0.08873252412704757,0.03232476746219897,0.02789984621299476
ecdf,3.0,3.0,dbp_bin8,0.06183884424187858,0.023332501304136704,0.0028701119916657416
ecdf,3.0,3.0,dbp_bin9,0.08050636895499763,0.0250652028268879,0.0025827406125849056
ecdf,3.0,3.0,dbp_bin10,0.0923137840773236,0.03909220332271251,0.0035869779814416396
ecdf,3.0,4.0,sbp_bin1,0.2829829005342679,0.04626341129162654,0.007155448194816196
ecdf,3.0,4.0,sbp_bin2,0.14434210861646046,0.03349580080699916,0.010227313431765786
ecdf,3.0,4.0,sbp_bin3,0.08222010875769836,0.029050016979317597,0.20829254860396756
ecdf,3.0,4.0,sbp_bin4,0.10758775834425904,0.03813059835634928,0.08317381822936401
ecdf,3.0,4.0,sbp_bin5,0.0980206872508439,0.029579639523102778,0.0016953538579836237
ecdf,3.0,4.0,sbp_bin6,0.07778652269229513,0.03536054281415297,0.0024995447095246736
ecdf,3.0,4.0,sbp_bin7,0.07245184766036683,0.034670870951691836,0.0028561889151945677
ecdf,3.0,4.0,sbp_bin8,0.10201793070400356,0.017473920240863035,0.025891685412254353
ecdf,3.0,4.0,sbp_bin9,0.10890795574760492,0.024624256258961398,0.024591383225361398
ecdf,3.0,4.0,sbp_bin10,0.12798145038999742,0.020376314875562504,0.012616362773728804
ecdf,3.0,4.0,dbp_bin1,0.1938270324729633,0.05605548682449538,0.0034966308504825972
ecdf,3.0,4.0,dbp_bin2,0.09380296174899183,0.033284931062636504,0.016176063641775464
ecdf,3.0,4.0,dbp_bin3,0.03881148485820296,0.035100904243030424,0.13060471683611452
ecdf,3.0,4.0,dbp_bin4,0.1054215737308154,0.03413996087316107,0.0038004613610149855
ecdf,3.0,4.0,dbp_bin5,0.09989118015207621,0.015625582352924123,0.015860070658008346
ecdf,3.0,4.0,dbp_bin6,0.0818641986863552,0.027417109302920333,0.002808321585714902
ecdf,3.0,4.0,dbp_bin7,0.0853433056075592,0.032476491778648246,0.017455215237278728
ecdf,3.0,4.0,dbp_bin8,0.05711232035308822,0.023751218971438642,0.025321612515974472
ecdf,3.0,4.0,dbp_bin9,0.07806932351288942,0.024952212676483655,0.0045879789824426484
ecdf,3.0,4.0,dbp_bin10,0.10523272843966691,0.03894006904722998,0.03425590549293044
ecdf,3.0,5.0,sbp_bin1,0.28419327027686936,0.04593978681718667,0.005784422537050334
ecdf,3.0,5.0,sbp_bin2,0.14366477076695416,0.032903947007517725,0.014241870661307124
ecdf,3.0,5.0,sbp_bin3,0.0282509053394866,0.028951469419033874,0.0027286802373307543
ecdf,3.0,5.0,sbp_bin4,0.07500086875832301,0.0369015239841975,0.006261002853153645
ecdf,3.0,5.0,sbp_bin5,0.10360725057006626,0.029554001688359838,0.01286988194427638
ecdf,3.0,5.0,sbp_bin6,0.07869912763692288,0.03570767172610311,0.007297638560068107
ecdf,3.0,5.0,sbp_bin7,0.07068816887312268,0.035456433428253054,0.016901806526079855
ecdf,3.0,5.0,sbp_bin8,0.12006111135695918,0.0175204072343994,0.05143105315832396
ecdf,3.0,5.0,sbp_bin9,0.10939578817558748,0.022917984525244454,0.0038695984549770622
ecdf,3.0,5.0,sbp_bin10,0.12410865241720725,0.020860708202523157,0.0017150855440215254
ecdf,3.0,5.0,dbp_bin1,0.18688475690266348,0.05501037038925571,0.006255691130941536
ecdf,3.0,5.0,dbp_bin2,0.08975997002244684,0.03347379735366619,0.005581386966551329
ecdf,3.0,5.0,dbp_bin3,0.027073141086391916,0.03467687036512337,0.055774791622341204
ecdf,3.0,5.0,dbp_bin4,0.1067634104717563,0.033993201649064296,0.0038936947327950734
ecdf,3.0,5.0,dbp_bin5,0.09226668497809509,0.025712242957105662,0.13866629041396938
ecdf,3.0,5.0,dbp_bin6,0.09097725930011591,0.03128286571675259,0.030145816611244772
ecdf,3.0,5.0,dbp_bin7,0.07647971851476543,0.03358664138908275,0.026536085022244096
ecdf,3.0,5.0,dbp_bin8,0.07573115804942221,0.022941585845529928,0.052380107186258205
ecdf,3.0,5.0,dbp_bin9,0.07742934078501584,0.024712767617205735,0.0024750096116878126
ecdf,3.0,5.0,dbp_bin10,0.0957576660566769,0.038842259285331845,0.013522086099941589
ecdf,3.0,6.0,sbp_bin1,0.2891462379738272,0.046719393522509686,0.004733302866096491
ecdf,3.0,6.0,sbp_bin2,0.1379513034869818,0.033858456610490924,0.005037073652990601
ecdf,3.0,6.0,sbp_bin3,0.074134189840807,0.02920819045412567,0.1885379255598706
ecdf,3.0,6.0,sbp_bin4,0.10738297113519668,0.03712418766142787,0.08938181987191206
ecdf,3.0,6.0,sbp_bin5,0.09510689716909138,0.02929112961067171,0.0042860734037204595
ecdf,3.0,6.0,sbp_bin6,0.07696739165953914,0.03644440608804739,0.018146688848747025
ecdf,3.0,6.0,sbp_bin7,0.09399246237684011,0.03601855837099931,0.04820169747465532
ecdf,3.0,6.0,sbp_bin8,0.08879961180842821,0.02235098971221367,0.07696473251004705
ecdf,3.0,6.0,sbp_bin9,0.1129600325145349,0.02405529855342928,0.012143271133801224
ecdf,3.0,6.0,sbp_bin10,0.11985363082335532,0.020607009953619845,0.0024377643214148438
ecdf,3.0,6.0,dbp_bin1,0.19383025602779502,0.05511771353708789,0.013321799307958484
ecdf,3.0,6.0,dbp_bin2,0.08839627154200635,0.03332178508038999,0.0020734212802768145
ecdf,3.0,6.0,dbp_bin3,0.017494344533404593,0.030780898258826753,0.0033387084131196784
ecdf,3.0,6.0,dbp_bin4,0.10694308027939992,0.03409687371777272,0.002363514033064204
ecdf,3.0,6.0,dbp_bin5,0.09348171476149747,0.016002348020947514,0.0009616007672070825
ecdf,3.0,6.0,dbp_bin6,0.09230944731443502,0.031415235885317125,0.02722983288029109
ecdf,3.0,6.0,dbp_bin7,0.076744201600779,0.031631360047470546,0.0034739385950458587
ecdf,3.0,6.0,dbp_bin8,0.05868152683320649,0.023791221177325773,0.019858503806329947
ecdf,3.0,6.0,dbp_bin9,0.0780188684193206,0.027795963504410832,0.04920314411224575
ecdf,3.0,6.0,dbp_bin10,0.09299069556989237,0.038634604177985137,0.005532175774390297
ecdf,3.0,7.0,sbp_bin1,0.2970049187238185,0.04707387254842745,0.0035059084677156113
ecdf,3.0,7.0,sbp_bin2,0.14587056886006666,0.03385052191728226,0.0036258032624814788
ecdf,3.0,7.0,sbp_bin3,0.028241051961371166,0.028870135950139476,0.0015311158909774754
ecdf,3.0,7.0,sbp_bin4,0.10794312657776783,0.03746244110076287,0.08558713792733132
ecdf,3.0,7.0,sbp_bin5,0.10015332262199728,0.029604890706437313,0.005437199488829429
ecdf,3.0,7.0,sbp_bin6,0.09384768234914043,0.03541705040067551,0.042527099680900356
ecdf,3.0,7.0,sbp_bin7,0.07473830092348155,0.035153134799280096,0.003104322224245742
ecdf,3.0,7.0,sbp_bin8,0.10341290817020965,0.02171546907050629,0.04032058748861256
ecdf,3.0,7.0,sbp_bin9,0.11404335564772516,0.023428223613095368,0.006674701777367241
ecdf,3.0,7.0,sbp_bin10,0.12205287409441279,0.0283023164111616,0.10219762883840669
ecdf,3.0,7.0,dbp_bin1,0.19728559751914887,0.055998547984090555,0.00600983427426699
ecdf,3.0,7.0,dbp_bin2,0.0889515305319365,0.03314487787349058,0.0038251513840830455
ecdf,3.0,7.0,dbp_bin3,0.01714848292577753,0.03130900325563345,0.019148240221274124
ecdf,3.0,7.0,dbp_bin4,0.10732731624613756,0.03315145106320243,0.014127063254680456
ecdf,3.0,7.0,dbp_bin5,0.08991420764286195,0.02944747108959528,0.1836432911204504
ecdf,3.0,7.0,dbp_bin6,0.09265893183350882,0.027112615659162013,0.033336085206742916
ecdf,3.0,7.0,dbp_bin7,0.08107011829857425,0.03396579457558474,0.01997610809029484
ecdf,3.0,7.0,dbp_bin8,0.06006725645452293,0.026438390850352208,0.057421036022814675
ecdf,3.0,7.0,dbp_bin9,0.07873383494965969,0.026800567482753553,0.03256017499097111
ecdf,3.0,7.0,dbp_bin10,0.0907996836896009,0.03798555750445926,0.006748963496368335
ecdf,3.0,8.0,sbp_bin1,0.28963888032512786,0.047625292530131966,0.005751779069008296
ecdf,3.0,8.0,sbp_bin2,0.1398460455598014,0.03352554171561978,0.0018190805734058344
ecdf,3.0,8.0,sbp_bin3,0.0285016551871905,0.029320657596648095,0.002456435674428753
ecdf,3.0,8.0,sbp_bin4,0.10865963595941452,0.03779218149278002,0.08381664168406143
ecdf,3.0,8.0,sbp_bin5,0.09891365036097743,0.03307917388412264,0.0424496547498399
ecdf,3.0,8.0,sbp_bin6,0.09361593231910026,0.03565253664697409,0.043424521511390646
ecdf,3.0,8.0,sbp_bin7,0.07016678063973514,0.03558112122229697,0.021489492145304018
ecdf,3.0,8.0,sbp_bin8,0.09084544554274498,0.02238992712917429,0.0755989351150489
ecdf,3.0,8.0,sbp_bin9,0.13735744359946578,0.028111517082814095,0.037318823650549254
ecdf,3.0,8.0,sbp_bin10,0.12186484865853775,0.020450904141377048,0.0024684015763168023
ecdf,3.0,8.0,dbp_bin1,0.19047143593872562,0.055322649801949425,0.005445274084866143
ecdf,3.0,8.0,dbp_bin2,0.09127779652077295,0.03396608630202165,0.0035061634948096924
ecdf,3.0,8.0,dbp_bin3,0.026646357514908847,0.03376898672613462,0.06724095380325465
ecdf,3.0,8.0,dbp_bin4,0.10778517231349827,0.034634013569877165,0.003813917723952332
ecdf,3.0,8.0,dbp_bin5,0.09073363130526435,0.01579451613206287,0.0025591928774153457
ecdf,3.0,8.0,dbp_bin6,0.09869415499787537,0.02733217896178445,0.04230712973642576
ecdf,3.0,8.0,dbp_bin7,0.07920889034533984,0.03237646296388221,0.0019598689148862163
ecdf,3.0,8.0,dbp_bin8,0.07885636324661294,0.022600510068343564,0.06134673034299065
ecdf,3.0,8.0,dbp_bin9,0.0763108785208827,0.024351466552609766,0.0018478469819300234
ecdf,3.0,8.0,dbp_bin10,0.09118800269717098,0.03875464861853257,0.002229911572472127
ecdf,3.0,9.0,sbp_bin1,0.290294830634961,0.046270550280854285,0.006247959783247383
ecdf,3.0,9.0,sbp_bin2,0.1451537218867277,0.033864565418094475,0.0033761739990113776
ecdf,3.0,9.0,sbp_bin3,0.08808822562703766,0.02964014793358997,0.21064377526315267
ecdf,3.0,9.0,sbp_bin4,0.0756136399884465,0.0375282863380931,0.004869331633582226
ecdf,3.0,9.0,sbp_bin5,0.10148129963615282,0.03001917339299154,0.0028665010498920445
ecdf,3.0,9.0,sbp_bin6,0.09444162346138263,0.035834690666807806,0.03796772848323568
ecdf,3.0,9.0,sbp_bin7,0.07383292624819315,0.03485764283050731,0.0033023735810113596
ecdf,3.0,9.0,sbp_bin8,0.09277612438770422,0.017825592519495927,0.0035504242465769103
ecdf,3.0,9.0,sbp_bin9,0.11717939337205152,0.022551758867712164,0.018247102762673988
ecdf,3.0,9.0,sbp_bin10,0.1257298199311806,0.020437019263670336,0.007774552803577659
ecdf,3.0,9.0,dbp_bin1,0.19192279060430117,0.05573033262498335,0.0034693134219632095
ecdf,3.0,9.0,dbp_bin2,0.09225757627931164,0.03393271621189893,0.006079692906574396
ecdf,3.0,9.0,dbp_bin3,0.017286340949377976,0.03190123703062537,0.027278575160457685
ecdf,3.0,9.0,dbp_bin4,0.10632449689526358,0.036430569964838996,0.027667106058109375
ecdf,3.0,9.0,dbp_bin5,0.10104933437309682,0.026050425220933003,0.12059608792042041
ecdf,3.0,9.0,dbp_bin6,0.08591501801876467,0.03134719457604064,0.04722035328292512
ecdf,3.0,9.0,dbp_bin7,0.09043463495305204,0.034246767664301285,0.014813176732681291
ecdf,3.0,9.0,dbp_bin8,0.06182270145183699,0.024398077633460014,0.01891820611862741
ecdf,3.0,9.0,dbp_bin9,0.08408805236079475,0.027835747067181962,0.03295432543269927
ecdf,3.0,9.0,dbp_bin10,0.10334950504181939,0.03855207436122224,0.034281233589192786
ecdf,3.0,10.0,sbp_bin1,0.2924224622477559,0.04769882242404634,0.005366586146112169
ecdf,3.0,10.0,sbp_bin2,0.146193753272839,0.034290220165034774,0.0032822540781018254
ecdf,3.0,10.0,sbp_bin3,0.026857772361204568,0.031199467102572324,0.05630609539958974
ecdf,3.0,10.0,sbp_bin4,0.07540963842157122,0.03830665713893225,0.011279185760154794
ecdf,3.0,10.0,sbp_bin5,0.09330325062877587,0.028833092509996792,0.0054300418919796724
ecdf,3.0,10.0,sbp_bin6,0.07677355781617823,0.03467736646992387,0.00309673404965702
ecdf,3.0,10.0,sbp_bin7,0.09299256551651269,0.033748827377469655,0.06844156335423589
ecdf,3.0,10.0,sbp_bin8,0.09379478613863446,0.02272708395588057,0.0752389668454563
ecdf,3.0,10.0,sbp_bin9,0.1181181862221592,0.024357224215116605,0.011257354766180595
ecdf,3.0,10.0,sbp_bin10,0.1199570233148668,0.020367283193238266,0.0016490051903114134
ecdf,3.0,10.0,dbp_bin1,0.1909128676502274,0.055573192015798356,0.003942815516299386
ecdf,3.0,10.0,dbp_bin2,0.09078123649183112,0.033746421482394116,0.0038251513840830463
ecdf,3.0,10.0,dbp_bin3,0.016397928913334026,0.03098359194238783,0.02596451972270822
ecdf,3.0,10.0,dbp_bin4,0.10535576042932582,0.03559369399225555,0.024386911627395917
ecdf,3.0,10.0,dbp_bin5,0.09769600247759769,0.015607466935686778,0.01847272179909928
ecdf,3.0,10.0,dbp_bin6,0.092113191389534,0.030911128358496052,0.024280629807249016
ecdf,3.0,10.0,dbp_bin7,0.0835026699083784,0.032205470826980206,0.015721599901076744
ecdf,3.0,10.0,dbp_bin8,0.07660083783379523,0.023805403739332508,0.03339135053607882
ecdf,3.0,10.0,dbp_bin9,0.07719345906095842,0.02635229600762758,0.03456654200598865
ecdf,3.0,10.0,dbp_bin10,0.08727631639069788,0.03773146532162963,0.0031983540634059606
ecdf,4.0,1.0,sbp_bin1,0.2491336688280381,0.03839139708759765,0.008147809623294396
ecdf,4.0,1.0,sbp_bin2,0.13999354993401203,0.03336170520030459,0.004068215521502725
ecdf,4.0,1.0,sbp_bin3,0.027705744483132788,0.03323677327264718,0.0013465694673071992
ecdf,4.0,1.0,sbp_bin4,0.07540838079034318,0.037763395688447346,0.0030967340496570067
ecdf,4.0,1.0,sbp_bin5,0.10044957537200006,0.03070823935480537,0.00985651699319534
ecdf,4.0,1.0,sbp_bin6,0.07644535114745621,0.03544280260649422,0.004814696776543441
ecdf,4.0,1.0,sbp_bin7,0.06994358903123266,0.034258688688615084,0.003164268803496637
ecdf,4.0,1.0,sbp_bin8,0.11405617668900525,0.01720712990290061,0.050148624797693594
ecdf,4.0,1.0,sbp_bin9,0.11492974071412787,0.023420449593666615,0.005581310905068394
ecdf,4.0,1.0,sbp_bin10,0.12341231163367516,0.02182068386196635,0.022839452774573752
ecdf,4.0,1.0,dbp_bin1,0.13034934754908423,0.05606819236455935,0.004325259515570926
ecdf,4.0,1.0,dbp_bin2,0.08869120739457992,0.03326184566264566,0.0017670487312572113
ecdf,4.0,1.0,dbp_bin3,0.026096319416431868,0.0317982120878263,0.09470232696162426
ecdf,4.0,1.0,dbp_bin4,0.10752145994544027,0.032229950111187566,0.002263087398147114
ecdf,4.0,1.0,dbp_bin5,0.09010382849373777,0.015543867747114217,0.0016931690058706924
ecdf,4.0,1.0,dbp_bin6,0.0892839053965131,0.02691648749962541,0.026619715931161178
ecdf,4.0,1.0,dbp_bin7,0.07867775276526212,0.031879488634552686,0.0022161805898830078
ecdf,4.0,1.0,dbp_bin8,0.058732058442187096,0.022429600927219934,0.0021356550210216915
ecdf,4.0,1.0,dbp_bin9,0.07902119825459708,0.024416141396936437,0.003803424964757143
ecdf,4.0,1.0,dbp_bin10,0.09821391619388187,0.037020152369804625,0.003366226664957926
ecdf,4.0,2.0,sbp_bin1,0.2586104250682417,0.038561067958876205,0.00282039563883268
ecdf,4.0,2.0,sbp_bin2,0.14855597781398377,0.03390113613861399,0.003969352446861104
ecdf,4.0,2.0,sbp_bin3,0.0284424447579803,0.034232512786338806,0.012308638899634364
ecdf,4.0,2.0,sbp_bin4,0.07909680443447586,0.03880329641647381,0.0020230073453530025
ecdf,4.0,2.0,sbp_bin5,0.09630478060377723,0.029760899691630448,0.004055392896223345
ecdf,4.0,2.0,sbp_bin6,0.07898168198700162,0.03545819868187401,0.0015798579493717033
ecdf,4.0,2.0,sbp_bin7,0.09987959745911434,0.03435295368864469,0.08030436398220053
ecdf,4.0,2.0,sbp_bin8,0.09001779206531646,0.022278767223798686,0.07545280310797528
ecdf,4.0,2.0,sbp_bin9,0.10770351595913963,0.02271451068195683,0.002824495051098418
ecdf,4.0,2.0,sbp_bin10,0.13046148780668798,0.021159712992337956,0.009825168457475955
ecdf,4.0,2.0,dbp_bin1,0.1285651872500212,0.05595362705489643,0.006565288654161358
ecdf,4.0,2.0,dbp_bin2,0.09675144869879682,0.03412138625984325,0.012628989638285362
ecdf,4.0,2.0,dbp_bin3,0.026020728648408875,0.03187799971501443,0.08908309397431166
ecdf,4.0,2.0,dbp_bin4,0.10628232496624479,0.03211782383228588,0.002322617851694757
ecdf,4.0,2.0,dbp_bin5,0.10150264461938419,0.0259959069522511,0.12088370271428514
ecdf,4.0,2.0,dbp_bin6,0.09130493568151321,0.02708938183956334,0.02843249515441757
ecdf,4.0,2.0,dbp_bin7,0.08118682208754746,0.037598409271732636,0.06738277485682377
ecdf,4.0,2.0,dbp_bin8,0.06035766078085569,0.022955426903840215,0.0015983926777542131
ecdf,4.0,2.0,dbp_bin9,0.0810757946198607,0.02488121079832509,0.0022727636806356586
ecdf,4.0,2.0,dbp_bin10,0.1011761670316359,0.03797504089687529,0.003012730146524846
ecdf,4.0,3.0,sbp_bin1,0.25141423269962837,0.03891108707886147,0.005203368805901953
ecdf,4.0,3.0,sbp_bin2,0.14628755683160932,0.03424209501225655,0.0030647553138902764
ecdf,4.0,3.0,sbp_bin3,0.08637283668616613,0.035617291999455854,0.2065024552645076
ecdf,4.0,3.0,sbp_bin4,0.11352284029463955,0.03909800670743107,0.07989440763206959
ecdf,4.0,3.0,sbp_bin5,0.10268872681230834,0.030461671856680122,0.007179772361433251
ecdf,4.0,3.0,sbp_bin6,0.09812403933357516,0.0356961840411334,0.05019433425095237
ecdf,4.0,3.0,sbp_bin7,0.07226915916961607,0.03455014112540676,0.0024426334001092687
ecdf,4.0,3.0,sbp_bin8,0.09953945484881765,0.017302901937659314,0.025650833017522495
ecdf,4.0,3.0,sbp_bin9,0.10945724663588685,0.028279416106189698,0.07212284058148449
ecdf,4.0,3.0,sbp_bin10,0.12286088341022816,0.021765594517938434,0.01988514033064193
ecdf,4.0,3.0,dbp_bin1,0.1330645187726509,0.056921750568113584,0.002576944090329626
ecdf,4.0,3.0,dbp_bin2,0.0914820893557301,0.03438690684571097,0.008463176937441558
ecdf,4.0,3.0,dbp_bin3,0.017163427824929633,0.030444891889852874,0.002676901714426491
ecdf,4.0,3.0,dbp_bin4,0.1068607975154886,0.03332084697906,0.019075975741340102
ecdf,4.0,3.0,dbp_bin5,0.09575387844699068,0.016093642909729356,0.002396874149527624
ecdf,4.0,3.0,dbp_bin6,0.08125672433499798,0.02748326931495439,0.003127856807210898
ecdf,4.0,3.0,dbp_bin7,0.07850089917730119,0.03702782839673091,0.06613570205265754
ecdf,4.0,3.0,dbp_bin8,0.07296226085639734,0.024507398456342196,0.020089298587081687
ecdf,4.0,3.0,dbp_bin9,0.07821899838395918,0.024625732996910083,0.002175845828527495
ecdf,4.0,3.0,dbp_bin10,0.09973854597399423,0.03771184669126725,0.003231663035584604
ecdf,4.0,4.0,sbp_bin1,0.26335022157657095,0.03866528504128431,0.006770255271920095
ecdf,4.0,4.0,sbp_bin2,0.15019403580385982,0.03393457731032484,0.007849728126544745
ecdf,4.0,4.0,sbp_bin3,0.029918442086608987,0.03402358730706877,0.0061415885600385215
ecdf,4.0,4.0,sbp_bin4,0.08142076317564195,0.03844203709381673,0.010580950646512485
ecdf,4.0,4.0,sbp_bin5,0.10739043758719868,0.030690617694582093,0.007531866441901045
ecdf,4.0,4.0,sbp_bin6,0.08209687315647085,0.03603701496435117,0.006336358485602647
ecdf,4.0,4.0,sbp_bin7,0.0751670095975685,0.03633145791230507,0.012984530934389348
ecdf,4.0,4.0,sbp_bin8,0.09695586561984137,0.02281196924311737,0.06652646043573018
ecdf,4.0,4.0,sbp_bin9,0.11682268745465307,0.023204721046438052,0.005858211957833748
ecdf,4.0,4.0,sbp_bin10,0.12736789233739287,0.021471949469014547,0.013103774189414216
ecdf,4.0,4.0,dbp_bin1,0.13749063816184515,0.05688391755732631,0.011537060644691295
ecdf,4.0,4.0,dbp_bin2,0.09420770268435041,0.03407276230055821,0.005577782583621683
ecdf,4.0,4.0,dbp_bin3,0.017320058314943654,0.03048833776382746,0.004873405672948793
ecdf,4.0,4.0,dbp_bin4,0.10804657865901734,0.03174441933315268,0.006908323101536629
ecdf,4.0,4.0,dbp_bin5,0.09670448496193929,0.01596032289039067,0.0029606158391975454
ecdf,4.0,4.0,dbp_bin6,0.09793799614902188,0.02795486422370246,0.03271927811505586
ecdf,4.0,4.0,dbp_bin7,0.08635524913514536,0.032755641675409036,0.0058374983980520306
ecdf,4.0,4.0,dbp_bin8,0.061964437209184986,0.022733997830961562,0.006352271458868185
ecdf,4.0,4.0,dbp_bin9,0.08310434244426379,0.028307433250816767,0.04950388887546947
ecdf,4.0,4.0,dbp_bin10,0.10294342613089891,0.037579956602640616,0.0060767226280490465
ecdf,4.0,5.0,sbp_bin1,0.2542365261396362,0.03847904527200806,0.0026506496050140373
ecdf,4.0,5.0,sbp_bin2,0.14662950329189794,0.034026503139789235,0.0035417696490360933
ecdf,4.0,5.0,sbp_bin3,0.083310496087308,0.034634838514086407,0.21111718522273878
ecdf,4.0,5.0,sbp_bin4,0.10876859578245202,0.037994744134425856,0.08285472965085092
ecdf,4.0,5.0,sbp_bin5,0.09966072370861556,0.03041873208607991,0.0018258510040516966
ecdf,4.0,5.0,sbp_bin6,0.07681687296833206,0.03564028918822202,0.009414466096036085
ecdf,4.0,5.0,sbp_bin7,0.10071664053368212,0.0357261652170318,0.06726040168851603
ecdf,4.0,5.0,sbp_bin8,0.09083055306208132,0.017891243560802527,0.0018654287574086108
ecdf,4.0,5.0,sbp_bin9,0.11100082204039596,0.022875608696426495,0.00180219146482122
ecdf,4.0,5.0,sbp_bin10,0.13110196739450253,0.020938843026735474,0.009348959914203113
ecdf,4.0,5.0,dbp_bin1,0.13200371424585633,0.056327948292941084,0.002540520852303767
ecdf,4.0,5.0,dbp_bin2,0.08843389780550082,0.03311121526313409,0.004178380911188004
ecdf,4.0,5.0,dbp_bin3,0.0171890769401144,0.03144912705185674,0.01882838937973819
ecdf,4.0,5.0,dbp_bin4,0.10530228881489367,0.032936457785143126,0.013650239982140783
ecdf,4.0,5.0,dbp_bin5,0.09490157234265595,0.01609342659428256,0.0015097909619895594
ecdf,4.0,5.0,dbp_bin6,0.08002775762304892,0.027317232193526542,0.002716903754966038
ecdf,4.0,5.0,dbp_bin7,0.07925765689221931,0.032107930881278515,0.0028111898354112896
ecdf,4.0,5.0,dbp_bin8,0.05816993033757545,0.028818804262091265,0.10235960858726792
ecdf,4.0,5.0,dbp_bin9,0.08258970531091192,0.02773764453756011,0.03742758467023201
ecdf,4.0,5.0,dbp_bin10,0.1007104843833031,0.03769603292548369,0.002354863514033065
ecdf,4.0,6.0,sbp_bin1,0.24954470911134086,0.038343288356407546,0.002950969511000855
ecdf,4.0,6.0,sbp_bin2,0.1395640133001702,0.03289895510724637,0.001984676223430546
ecdf,4.0,6.0,sbp_bin3,0.02781265084114326,0.03325967774620297,0.002700977592636141
ecdf,4.0,6.0,sbp_bin4,0.07524986358080998,0.037455057136060656,0.004025526619316459
ecdf,4.0,6.0,sbp_bin5,0.10029752689707172,0.030038628555156602,0.0040712891491438185
ecdf,4.0,6.0,sbp_bin6,0.07949493656615925,0.03568719411248196,0.006923824844695464
ecdf,4.0,6.0,sbp_bin7,0.07343663317674876,0.036104274136099894,0.01748273846202485
ecdf,4.0,6.0,sbp_bin8,0.10659521298008834,0.022393060188346862,0.045294617630514164
ecdf,4.0,6.0,sbp_bin9,0.1082060115727892,0.030498462109242237,0.100327582253292
ecdf,4.0,6.0,sbp_bin10,0.11887540326805235,0.020079717093523356,0.0028000048058439047
ecdf,4.0,6.0,dbp_bin1,0.1365823348803522,0.05723801504314477,0.0028865416135494325
ecdf,4.0,6.0,dbp_bin2,0.09197804078183303,0.03469533460587523,0.010356393374343114
ecdf,4.0,6.0,dbp_bin3,0.02616875825496745,0.033163703386413085,0.06988623911222794
ecdf,4.0,6.0,dbp_bin4,0.11041361568197883,0.03112929645042256,0.019873869851545836
ecdf,4.0,6.0,dbp_bin5,0.09612356069254635,0.01618481401177148,0.0016018039734069433
ecdf,4.0,6.0,dbp_bin6,0.09046581364337258,0.027032641314868246,0.028594865620159747
ecdf,4.0,6.0,dbp_bin7,0.08410213424338064,0.03314699716035361,0.0022390655608648617
ecdf,4.0,6.0,dbp_bin8,0.07687872776152305,0.02545533540218942,0.02210684030490732
ecdf,4.0,6.0,dbp_bin9,0.08058475678806443,0.0247636824980478,0.002078127002434961
ecdf,4.0,6.0,dbp_bin10,0.10331904538861181,0.0383217500246672,0.003164381220897949
ecdf,4.0,7.0,sbp_bin1,0.27453213307343494,0.03963666006370555,0.004047790037213539
ecdf,4.0,7.0,sbp_bin2,0.1471454342549562,0.03405445769346894,0.00305239742956006
ecdf,4.0,7.0,sbp_bin3,0.028826254505522453,0.03383373007865485,0.0016841916663867095
ecdf,4.0,7.0,sbp_bin4,0.11583179416776379,0.03867198610553464,0.09017065804650079
ecdf,4.0,7.0,sbp_bin5,0.10216501351841256,0.030819409179348847,0.0055562949161565
ecdf,4.0,7.0,sbp_bin6,0.09254859499606427,0.03585985997212522,0.03689257212284974
ecdf,4.0,7.0,sbp_bin7,0.07595953317253579,0.035832873086502896,0.003201450858981369
ecdf,4.0,7.0,sbp_bin8,0.09297690670193148,0.029777457733104508,0.1581742702562543
ecdf,4.0,7.0,sbp_bin9,0.11279507777380782,0.023445372473430686,0.003848139803116861
ecdf,4.0,7.0,sbp_bin10,0.12686334471022132,0.020600661799487326,0.002490628604382928
ecdf,4.0,7.0,dbp_bin1,0.13440091095796225,0.05700009907948619,0.0030140229466399607
ecdf,4.0,7.0,dbp_bin2,0.09351121941826845,0.034830745310167596,0.01000768362900709
ecdf,4.0,7.0,dbp_bin3,0.016837569802068075,0.03029564424509102,0.0015744504540822603
ecdf,4.0,7.0,dbp_bin4,0.10907174086922367,0.03254168395338481,0.004083417048033633
ecdf,4.0,7.0,dbp_bin5,0.09417085820548599,0.025484392082421085,0.13800127811192964
ecdf,4.0,7.0,dbp_bin6,0.08167212348922581,0.0272631400185614,0.002226494083472176
ecdf,4.0,7.0,dbp_bin7,0.08137147494608699,0.03243967850269763,0.002834074806393151
ecdf,4.0,7.0,dbp_bin8,0.07627472138251778,0.029087173758859552,0.04481650414176382
ecdf,4.0,7.0,dbp_bin9,0.08042980128493737,0.02507967476543815,0.0019519735998974708
ecdf,4.0,7.0,dbp_bin10,0.11038553538498741,0.038541331667720814,0.018261796087632176
ecdf,4.0,8.0,sbp_bin1,0.26133454640897325,0.03896908957469118,0.004400339492067645
ecdf,4.0,8.0,sbp_bin2,0.14788590987755346,0.03308626370603835,0.012951707537233959
ecdf,4.0,8.0,sbp_bin3,0.07492878896330146,0.034693631742026755,0.19455152336743495
ecdf,4.0,8.0,sbp_bin4,0.07744760778481719,0.03787914655828627,0.003110392763916722
ecdf,4.0,8.0,sbp_bin5,0.0995385499506225,0.029657855773523707,0.004814716233401356
ecdf,4.0,8.0,sbp_bin6,0.09166945015520045,0.034749960889556,0.04978898370493679
ecdf,4.0,8.0,sbp_bin7,0.07182593495070189,0.03458814720975166,0.0029222060341164385
ecdf,4.0,8.0,sbp_bin8,0.10394140959742171,0.01764990825904356,0.02693183152011238
ecdf,4.0,8.0,sbp_bin9,0.10816278447151983,0.02264853050822066,0.0024358922775676636
ecdf,4.0,8.0,sbp_bin10,0.1260703834322222,0.021100238121019004,0.0039984621299500225
ecdf,4.0,8.0,dbp_bin1,0.13479139347665892,0.05767282698104879,0.004653068657803657
ecdf,4.0,8.0,dbp_bin2,0.0927146961200761,0.0342543421674103,0.008103139131469535
ecdf,4.0,8.0,dbp_bin3,0.03804712575536018,0.03320491109570743,0.15618483912655642
ecdf,4.0,8.0,dbp_bin4,0.10991942146596934,0.032386314012761555,0.0017217323361982384
ecdf,4.0,8.0,dbp_bin5,0.10058067525160064,0.025314171816707493,0.11655035993583487
ecdf,4.0,8.0,dbp_bin6,0.09334408968417673,0.027071505998772366,0.03591532700088744
ecdf,4.0,8.0,dbp_bin7,0.08155770980031951,0.037682376883012576,0.0662829980477044
ecdf,4.0,8.0,dbp_bin8,0.0807505928810659,0.025291216818873252,0.0308525581854074
ecdf,4.0,8.0,dbp_bin9,0.07963985750954994,0.02781736210598246,0.050652946862966564
ecdf,4.0,8.0,dbp_bin10,0.10305492823572404,0.038509952703803585,0.002785253534965182
ecdf,4.0,9.0,sbp_bin1,0.2634174867195025,0.038938713248399814,0.003616896259058566
ecdf,4.0,9.0,sbp_bin2,0.13991108165182287,0.03368346394745595,0.007764190075007105
ecdf,4.0,9.0,sbp_bin3,0.027574474985754382,0.033709094770972205,0.011879192420871534
ecdf,4.0,9.0,sbp_bin4,0.07743663802014766,0.03817906569771383,0.002432768773143931
ecdf,4.0,9.0,sbp_bin5,0.09958215573617046,0.03042853363100948,0.005488412971111979
ecdf,4.0,9.0,sbp_bin6,0.08000431180757162,0.035953053419892335,0.006117232238612765
ecdf,4.0,9.0,sbp_bin7,0.07526277427654304,0.036587004110702384,0.01908076645137064
ecdf,4.0,9.0,sbp_bin8,0.08863336970015545,0.022032695794876996,0.07580705101905214
ecdf,4.0,9.0,sbp_bin9,0.11098020289860322,0.022915450629834928,0.0019071376840749982
ecdf,4.0,9.0,sbp_bin10,0.12617685667566958,0.020860264418530054,0.0019349529027297173
ecdf,4.0,9.0,dbp_bin1,0.1331427593338963,0.057297798077597856,0.005081041704607529
ecdf,4.0,9.0,dbp_bin2,0.08996091316856925,0.033712740278591474,0.004025194636678208
ecdf,4.0,9.0,dbp_bin3,0.0175813622517228,0.030965244415281815,0.0011646006203737892
ecdf,4.0,9.0,dbp_bin4,0.10746148584922688,0.03207636936189752,0.004270379878706701
ecdf,4.0,9.0,dbp_bin5,0.10520343674294474,0.015887041709226956,0.01770360429727712
ecdf,4.0,9.0,dbp_bin6,0.0818058384425423,0.02749952853556532,0.002915972489213558
ecdf,4.0,9.0,dbp_bin7,0.08079247469549689,0.036939395055564386,0.06442946519071133
ecdf,4.0,9.0,dbp_bin8,0.07510961416647244,0.02643219931147465,0.025511272664725932
ecdf,4.0,9.0,dbp_bin9,0.0789508841250931,0.026586561677906108,0.03695224301841976
ecdf,4.0,9.0,dbp_bin10,0.10002357499640468,0.03809027785181439,0.003322440087145964
ecdf,4.0,10.0,sbp_bin1,0.25014303780948755,0.038561492453924866,0.0029379121237840125
ecdf,4.0,10.0,sbp_bin2,0.1423685934876091,0.03377097413686292,0.003269896193771629
ecdf,4.0,10.0,sbp_bin3,0.07538951262069404,0.034771781022581154,0.19350412385870144
ecdf,4.0,10.0,sbp_bin4,0.07995416674621647,0.038807214389048106,0.00316047471620227
ecdf,4.0,10.0,sbp_bin5,0.0982542752608836,0.03027234693166591,0.0031175139739153517
ecdf,4.0,10.0,sbp_bin6,0.0793715031777944,0.03590194351455811,0.0023978631700358162
ecdf,4.0,10.0,sbp_bin7,0.07625197191660504,0.035631647522897644,0.002779548351848482
ecdf,4.0,10.0,sbp_bin8,0.09267780443393603,0.018222092653477937,0.002277399020178841
ecdf,4.0,10.0,sbp_bin9,0.109901450850999,0.02308892923185983,0.0023678281161986043
ecdf,4.0,10.0,sbp_bin10,0.12446377803237152,0.020455182796997064,0.003048106497500959
ecdf,4.0,10.0,dbp_bin1,0.1323119603285956,0.056523277845373684,0.0033145146603533056
ecdf,4.0,10.0,dbp_bin2,0.08969515805287398,0.0341624816271682,0.008304955969315757
ecdf,4.0,10.0,dbp_bin3,0.05387869960283287,0.03259202051958516,0.21745670059318623
ecdf,4.0,10.0,dbp_bin4,0.1089989016472438,0.03250918964748668,0.0017989358931428349
ecdf,4.0,10.0,dbp_bin5,0.10040849572252719,0.025732695509315,0.1219549986304582
ecdf,4.0,10.0,dbp_bin6,0.08545496147407039,0.028122719133348233,0.0021461830919731707
ecdf,4.0,10.0,dbp_bin7,0.07992403583376206,0.03208379883408471,0.002661979824609583
ecdf,4.0,10.0,dbp_bin8,0.07933600847560207,0.02249912958098328,0.06238749010040407
ecdf,4.0,10.0,dbp_bin9,0.08441471952802126,0.02557375814724777,0.0022891836473151374
ecdf,4.0,10.0,dbp_bin10,0.10260933269174377,0.03795870288149016,0.0034303045837071372
ecdf,5.0,1.0,sbp_bin1,0.26888415318934134,0.03917585118386234,0.0032186459489456
ecdf,5.0,1.0,sbp_bin2,0.14331004267123637,0.03320529207498087,0.009691375271335432
ecdf,5.0,1.0,sbp_bin3,0.02870706567781578,0.028920236202826525,0.0016137244510946972
ecdf,5.0,1.0,sbp_bin4,0.11294208383858484,0.03757619897812203,0.09316300726947171
ecdf,5.0,1.0,sbp_bin5,0.10055269258425759,0.032874412130516596,0.0407163748170863
ecdf,5.0,1.0,sbp_bin6,0.11039841189694155,0.03472243913707663,0.002082715439116821
ecdf,5.0,1.0,sbp_bin7,0.09855722598674843,0.03430507798341617,0.07417501818896771
ecdf,5.0,1.0,sbp_bin8,0.11620863004567439,0.03459718747848946,0.04335741416492093
ecdf,5.0,1.0,sbp_bin9,0.10824783251927073,0.02260594554201878,0.0023078109492771196
ecdf,5.0,1.0,sbp_bin10,0.08840817724541639,0.02143376117180132,0.00231132822217699
ecdf,5.0,1.0,dbp_bin1,0.12765151576175182,0.04747770365435965,0.004880713895465308
ecdf,5.0,1.0,dbp_bin2,0.08947309794959546,0.036109520337551514,0.03768143152983085
ecdf,5.0,1.0,dbp_bin3,0.01654636501754858,0.030587593302658738,0.019521657092305803
ecdf,5.0,1.0,dbp_bin4,0.10809051566106143,0.03556685804600702,0.03544113419043625
ecdf,5.0,1.0,dbp_bin5,0.09964169373257137,0.01536052358342675,0.01859962140153812
ecdf,5.0,1.0,dbp_bin6,0.08840861771453523,0.026530118713120446,0.031104564235381278
ecdf,5.0,1.0,dbp_bin7,0.0778484091784748,0.031775115437309064,0.004196188279233255
ecdf,5.0,1.0,dbp_bin8,0.058054129167915525,0.027284592299119503,0.03997557192811749
ecdf,5.0,1.0,dbp_bin9,0.07893166251870243,0.0247106289015865,0.0022263071895424853
ecdf,5.0,1.0,dbp_bin10,0.10255277621593906,0.037513569094606625,0.04071437549839202
ecdf,5.0,2.0,sbp_bin1,0.2724310083878614,0.03954230569020321,0.004961807142390808
ecdf,5.0,2.0,sbp_bin2,0.14321368597146233,0.03407277323652268,0.004325259515570943
ecdf,5.0,2.0,sbp_bin3,0.02831329259254145,0.031058543439658904,0.045906091868063256
ecdf,5.0,2.0,sbp_bin4,0.1128305569179533,0.037040395782519414,0.09693452200281616
ecdf,5.0,2.0,sbp_bin5,0.10303501941760984,0.032229904387997006,0.024700637058086023
ecdf,5.0,2.0,sbp_bin6,0.10836736428336313,0.034446418788141156,0.002410611303344866
ecdf,5.0,2.0,sbp_bin7,0.07528145176815959,0.03653331245810916,0.021069138457368
ecdf,5.0,2.0,sbp_bin8,0.11130205449487685,0.033768891725078375,0.044879130064412465
ecdf,5.0,2.0,sbp_bin9,0.10723419570046944,0.022850767613512405,0.0026997666371610315
ecdf,5.0,2.0,sbp_bin10,0.08876052866739459,0.021597179268684225,0.0034070606327882844
ecdf,5.0,2.0,dbp_bin1,0.13260851403136553,0.04857951969323216,0.006091786559825162
ecdf,5.0,2.0,dbp_bin2,0.0871346266100207,0.03726725726092458,0.05898354504340404
ecdf,5.0,2.0,dbp_bin3,0.016477266073065322,0.029673190629995988,0.0015946070032810417
ecdf,5.0,2.0,dbp_bin4,0.10499030398130582,0.03206959199837037,0.008517231199569134
ecdf,5.0,2.0,dbp_bin5,0.09013625482873155,0.026679499389978593,0.16200499993967088
ecdf,5.0,2.0,dbp_bin6,0.08005461488931465,0.026863090921327236,0.0027775641847152853
ecdf,5.0,2.0,dbp_bin7,0.08051883585762676,0.0322328508446482,0.002428553120594649
ecdf,5.0,2.0,dbp_bin8,0.05913428646677854,0.02504744814942201,0.002231088513836914
ecdf,5.0,2.0,dbp_bin9,0.07968508523079354,0.024612096983796634,0.002448577470203772
ecdf,5.0,2.0,dbp_bin10,0.08904476274026119,0.038087948814742874,0.003191080353710106
ecdf,5.0,3.0,sbp_bin1,0.2730492296327919,0.03861076519632043,0.004746360253313308
ecdf,5.0,3.0,sbp_bin2,0.14340327697674538,0.03383728087957546,0.003880375679683649
ecdf,5.0,3.0,sbp_bin3,0.02869877681929356,0.03144028623401354,0.045428085054181146
ecdf,5.0,3.0,sbp_bin4,0.0759573834012025,0.03745796839157733,0.0047684089115522365
ecdf,5.0,3.0,sbp_bin5,0.09876546746756276,0.03182379655779417,0.02936826565719291
ecdf,5.0,3.0,sbp_bin6,0.10871109381282884,0.034964626818661894,0.0035920250453122435
ecdf,5.0,3.0,sbp_bin7,0.07494523213435667,0.03495090535519147,0.0024782978206762552
ecdf,5.0,3.0,sbp_bin8,0.11814730258148465,0.03473370904986949,0.04271825807787965
ecdf,5.0,3.0,sbp_bin9,0.11365681921437387,0.023611158442767708,0.0030347227810412778
ecdf,5.0,3.0,sbp_bin10,0.09261877617471392,0.021974583700326063,0.002536354795666825
ecdf,5.0,3.0,dbp_bin1,0.13033158713680704,0.04810874746241298,0.002749954470952456
ecdf,5.0,3.0,dbp_bin2,0.08946059096877235,0.032818268341337664,0.0025573096885813194
ecdf,5.0,3.0,dbp_bin3,0.017147502512240287,0.03021305929973557,0.001965823451025191
ecdf,5.0,3.0,dbp_bin4,0.11008249430382178,0.03234044918140397,0.012161702644164631
ecdf,5.0,3.0,dbp_bin5,0.10231099073377448,0.01555318740931344,0.016649558532683555
ecdf,5.0,3.0,dbp_bin6,0.08146762849414735,0.031303369429733004,0.05623323294459371
ecdf,5.0,3.0,dbp_bin7,0.08115590170351761,0.03232471148790936,0.0019351531462258134
ecdf,5.0,3.0,dbp_bin8,0.05933093420952018,0.0250914910489251,0.002378598498222819
ecdf,5.0,3.0,dbp_bin9,0.08274246523485007,0.0254035076292906,0.0014962194027937953
ecdf,5.0,3.0,dbp_bin10,0.0944359215416074,0.0389629406016586,0.004519051923896209
ecdf,5.0,4.0,sbp_bin1,0.2717399487719193,0.03844184272718992,0.005085852320950582
ecdf,5.0,4.0,sbp_bin2,0.14918279792019695,0.03423813617922849,0.008693917013171428
ecdf,5.0,4.0,sbp_bin3,0.08789735021107092,0.029248767214600842,0.21407800534098137
ecdf,5.0,4.0,sbp_bin4,0.11379606503977113,0.03780036287817412,0.09574858290839602
ecdf,5.0,4.0,sbp_bin5,0.10159506846288002,0.030040245674855887,0.002837296306154431
ecdf,5.0,4.0,sbp_bin6,0.11146283387065581,0.03580581234227005,0.007361836465191423
ecdf,5.0,4.0,sbp_bin7,0.07568171816103131,0.036490508934706754,0.016541659286387494
ecdf,5.0,4.0,sbp_bin8,0.11931795538966339,0.03518712846888743,0.0420231515607492
ecdf,5.0,4.0,sbp_bin9,0.11526237654246696,0.023734687530781787,0.003099769319492504
ecdf,5.0,4.0,sbp_bin10,0.11217432181960618,0.021510457871379084,0.04180744962344776
ecdf,5.0,4.0,dbp_bin1,0.13108781398126546,0.04809967788276483,0.006619923511200139
ecdf,5.0,4.0,dbp_bin2,0.08711055086679398,0.032394670483570163,0.0033250432525951624
ecdf,5.0,4.0,dbp_bin3,0.048595930828974176,0.03351505309808203,0.19050995208081933
ecdf,5.0,4.0,dbp_bin4,0.10121679171514497,0.034363945100320724,0.039598448487554186
ecdf,5.0,4.0,dbp_bin5,0.09732925700043105,0.015961085576140666,0.0021431903891761554
ecdf,5.0,4.0,dbp_bin6,0.0823325961044673,0.030879015563957907,0.04776053013798087
ecdf,5.0,4.0,dbp_bin7,0.08009455205328075,0.03202108179484609,0.004576994196371354
ecdf,5.0,4.0,dbp_bin8,0.07898030496478259,0.02709403709843001,0.03487518536826472
ecdf,5.0,4.0,dbp_bin9,0.07989303808218817,0.024564452793918334,0.0036312155581186747
ecdf,5.0,4.0,dbp_bin10,0.09773893831084801,0.038222865329723826,0.01810538912615123
ecdf,5.0,5.0,sbp_bin1,0.2727379849434939,0.039301280991544035,0.0028465104132663127
ecdf,5.0,5.0,sbp_bin2,0.1353389237481578,0.03239948095372808,0.003040039545229851
ecdf,5.0,5.0,sbp_bin3,0.02872531352370533,0.03134083082461799,0.04369742134380836
ecdf,5.0,5.0,sbp_bin4,0.07685546803356447,0.03765725885148248,0.003520154191707648
ecdf,5.0,5.0,sbp_bin5,0.10144056706654037,0.02969207048640901,0.0036627924171176766
ecdf,5.0,5.0,sbp_bin6,0.11035270506319561,0.0356437715875138,0.00953845857793504
ecdf,5.0,5.0,sbp_bin7,0.0748614730647511,0.034861821752434845,0.003951921325805863
ecdf,5.0,5.0,sbp_bin8,0.11651665945997303,0.030584902279422583,0.00469524180840522
ecdf,5.0,5.0,sbp_bin9,0.11912710572496787,0.02353356891768882,0.006396946645777724
ecdf,5.0,5.0,sbp_bin10,0.10446726942207962,0.021409882074390832,0.023037331041605297
ecdf,5.0,5.0,dbp_bin1,0.13550059257341196,0.049271631896026895,0.004525587324713162
ecdf,5.0,5.0,dbp_bin2,0.08446605044115252,0.032148476605548704,0.0015859284890426804
ecdf,5.0,5.0,dbp_bin3,0.01635632750019489,0.03044812774456981,0.01869472906238453
ecdf,5.0,5.0,dbp_bin4,0.11040975408661113,0.032189757452161655,0.012230321250969043
ecdf,5.0,5.0,dbp_bin5,0.09664595324247527,0.025751001439086416,0.13698353156178017
ecdf,5.0,5.0,dbp_bin6,0.08225369906951296,0.02729734366628495,0.0027848263488401866
ecdf,5.0,5.0,dbp_bin7,0.07869033407486337,0.03175535460843079,0.003823620951648633
ecdf,5.0,5.0,dbp_bin8,0.061325210616314685,0.031054220052112225,0.08467404178314034
ecdf,5.0,5.0,dbp_bin9,0.0816502783412777,0.02504825811016256,0.002276768550557479
ecdf,5.0,5.0,dbp_bin10,0.09817576525949812,0.03849591931559587,0.014146816943818943
ecdf,5.0,6.0,sbp_bin1,0.2703841923816438,0.039407336530469385,0.0030880720767774406
ecdf,5.0,6.0,sbp_bin2,0.14126832740433326,0.03268921516112936,0.010880955962947003
ecdf,5.0,6.0,sbp_bin3,0.07899700675022414,0.028961460389394376,0.20170388700483408
ecdf,5.0,6.0,sbp_bin4,0.11285027816134374,0.03705424147772534,0.10185840418038619
ecdf,5.0,6.0,sbp_bin5,0.10633875786270874,0.032563455888600795,0.024260019794036834
ecdf,5.0,6.0,sbp_bin6,0.11692518224317705,0.03515698685362634,0.011670451641867398
ecdf,5.0,6.0,sbp_bin7,0.10263299516721103,0.03485768187906713,0.07361399159728582
ecdf,5.0,6.0,sbp_bin8,0.13120087788408963,0.030890597714609575,0.02960861716878411
ecdf,5.0,6.0,sbp_bin9,0.11281710141972989,0.02448930749091136,0.01602568050915305
ecdf,5.0,6.0,sbp_bin10,0.10942706184577788,0.021106106223016372,0.043941385666146277
ecdf,5.0,6.0,dbp_bin1,0.12852909807093849,0.04786951230792211,0.0040065561828446505
ecdf,5.0,6.0,dbp_bin2,0.09248879571822954,0.0324137216536672,0.01897632036685639
ecdf,5.0,6.0,dbp_bin3,0.01635585238138937,0.029641797915875047,0.002652825836216839
ecdf,5.0,6.0,dbp_bin4,0.10206041899252072,0.03179948315411976,0.0030416341109498826
ecdf,5.0,6.0,dbp_bin5,0.10631066549801449,0.015455482605098814,0.026479011961691338
ecdf,5.0,6.0,dbp_bin6,0.08165579562083514,0.02721314059131333,0.003576829424580291
ecdf,5.0,6.0,dbp_bin7,0.08046954463973621,0.032290365402618135,0.0042794895736072225
ecdf,5.0,6.0,dbp_bin8,0.07816819401276809,0.02476276908553646,0.06542911282159886
ecdf,5.0,6.0,dbp_bin9,0.08126735629861359,0.024985147306167247,0.003410547225426116
ecdf,5.0,6.0,dbp_bin10,0.09660236704802772,0.0382385899202244,0.015330064782199426
ecdf,5.0,7.0,sbp_bin1,0.26291150607326974,0.03892236627137287,0.0021871123588170062
ecdf,5.0,7.0,sbp_bin2,0.13861098660931437,0.03294057861533759,0.00697127956041752
ecdf,5.0,7.0,sbp_bin3,0.027775165473529206,0.03135884842486084,0.054178278110238995
ecdf,5.0,7.0,sbp_bin4,0.11418961448980292,0.036927314549847476,0.10419710367807314
ecdf,5.0,7.0,sbp_bin5,0.10347290711708523,0.03211998592847692,0.024116656732159212
ecdf,5.0,7.0,sbp_bin6,0.10907964263031211,0.034695450019449875,0.0028859779205799947
ecdf,5.0,7.0,sbp_bin7,0.07151268406635314,0.035373466765820774,0.01710249815181196
ecdf,5.0,7.0,sbp_bin8,0.12557897509410232,0.03328695486706976,0.02104385060148202
ecdf,5.0,7.0,sbp_bin9,0.11206739121128384,0.023898089993116024,0.010389009162909052
ecdf,5.0,7.0,sbp_bin10,0.08993771905362857,0.02124624036914735,0.003256665988194588
ecdf,5.0,7.0,dbp_bin1,0.1335003887405929,0.04822108748532024,0.004234201420506274
ecdf,5.0,7.0,dbp_bin2,0.08706967229920315,0.03195841521288265,0.006340109573241068
ecdf,5.0,7.0,dbp_bin3,0.016597477644927472,0.02970159243841913,0.0016030055654471984
ecdf,5.0,7.0,dbp_bin4,0.10021256797285283,0.03154275360243191,0.001911485656881353
ecdf,5.0,7.0,dbp_bin5,0.1005585895767922,0.015644605754763643,0.021524531365979725
ecdf,5.0,7.0,dbp_bin6,0.08024428516632798,0.026810361003383815,0.0031739929087103336
ecdf,5.0,7.0,dbp_bin7,0.07635579135819259,0.03110975431951173,0.0034885849764742438
ecdf,5.0,7.0,dbp_bin8,0.05899676461554815,0.024946233299209232,0.0023872294015645544
ecdf,5.0,7.0,dbp_bin9,0.07895850859577636,0.024488699433062134,0.003762975778546712
ecdf,5.0,7.0,dbp_bin10,0.09084452672431542,0.03765298699431749,0.0022371852821679796
ecdf,5.0,8.0,sbp_bin1,0.2726350325048641,0.03914340986529775,0.002428674022328139
ecdf,5.0,8.0,sbp_bin2,0.14267709905580217,0.033201818964613425,0.008525722309383636
ecdf,5.0,8.0,sbp_bin3,0.027720768529545414,0.02862817431708952,0.002528653220694746
ecdf,5.0,8.0,sbp_bin4,0.1165216379403764,0.03766654683352024,0.10055058831238092
ecdf,5.0,8.0,sbp_bin5,0.10166804053387124,0.03287270018175828,0.03771731040329647
ecdf,5.0,8.0,sbp_bin6,0.1068127286380175,0.03434243496527914,0.0033498105124402707
ecdf,5.0,8.0,sbp_bin7,0.07602792405826198,0.0353473758187621,0.0017111333697565649
ecdf,5.0,8.0,sbp_bin8,0.12478123802528074,0.03025582166403019,0.025551712473088392
ecdf,5.0,8.0,sbp_bin9,0.11773498750110256,0.023209945615643927,0.014237264673311462
ecdf,5.0,8.0,sbp_bin10,0.08660755412362764,0.021032196142869077,0.0026584797702241276
ecdf,5.0,8.0,dbp_bin1,0.1244688449521173,0.047573685524064865,0.0077581496995082905
ecdf,5.0,8.0,dbp_bin2,0.09317207628267388,0.032136304473573206,0.023298642624841513
ecdf,5.0,8.0,dbp_bin3,0.026366147267180562,0.03175948207343452,0.09022757303949572
ecdf,5.0,8.0,dbp_bin4,0.10140557571291764,0.03286603966211481,0.018298080142873006
ecdf,5.0,8.0,dbp_bin5,0.09643017939198228,0.025180417867397175,0.12336887772461436
ecdf,5.0,8.0,dbp_bin6,0.07964075547670635,0.02726009201152688,0.003922850185825964
ecdf,5.0,8.0,dbp_bin7,0.07851877401165841,0.03193392791769338,0.0032066421339777733
ecdf,5.0,8.0,dbp_bin8,0.059656464152024635,0.027493780362899296,0.03860676296662441
ecdf,5.0,8.0,dbp_bin9,0.08167133664700355,0.025322152050349787,0.002559111880046135
ecdf,5.0,8.0,dbp_bin10,0.08917187355196698,0.03781250204501177,0.0052349927782453665
ecdf,5.0,9.0,sbp_bin1,0.2704451944874099,0.03886162851273209,0.0025200757328458566
ecdf,5.0,9.0,sbp_bin2,0.14094531714558034,0.033411920235906355,0.006698409467592901
ecdf,5.0,9.0,sbp_bin3,0.029415222488148318,0.029563183624016335,0.0025889211010318306
ecdf,5.0,9.0,sbp_bin4,0.11649745452037275,0.03863666448854752,0.08962340838038046
ecdf,5.0,9.0,sbp_bin5,0.10293914478337718,0.033188563905142125,0.03728272040339505
ecdf,5.0,9.0,sbp_bin6,0.11057157194548739,0.034754405601390634,0.0025449003130664123
ecdf,5.0,9.0,sbp_bin7,0.0964717251692232,0.034784894232441,0.06771736835762905
ecdf,5.0,9.0,sbp_bin8,0.12341682164943168,0.02994311976407503,0.026866968825641598
ecdf,5.0,9.0,sbp_bin9,0.11731799689704858,0.022776548108221634,0.017008184942924096
ecdf,5.0,9.0,sbp_bin10,0.10740371212029065,0.0221075111414675,0.02089313310868357
ecdf,5.0,9.0,dbp_bin1,0.1306722373845659,0.04888359061417642,0.005472591513385536
ecdf,5.0,9.0,dbp_bin2,0.08720609654446898,0.036953195060306726,0.05879396714826251
ecdf,5.0,9.0,dbp_bin3,0.02737952361084528,0.03255200994857328,0.08980413153268169
ecdf,5.0,9.0,dbp_bin4,0.10390697019093975,0.03207595886617875,0.002452840718830227
ecdf,5.0,9.0,dbp_bin5,0.0972698675653294,0.01621364173947123,0.0031870844834959735
ecdf,5.0,9.0,dbp_bin6,0.08049622111401167,0.03082307884921923,0.055385802469135555
ecdf,5.0,9.0,dbp_bin7,0.0840033010910316,0.037578049388672805,0.05520307518740684
ecdf,5.0,9.0,dbp_bin8,0.07394442600494167,0.026681906067427683,0.027860869838131103
ecdf,5.0,9.0,dbp_bin9,0.08399756849412987,0.030580583040540562,0.06568729644212899
ecdf,5.0,9.0,dbp_bin10,0.10288948366956385,0.038187381196244014,0.030157549750976072
ecdf,5.0,10.0,sbp_bin1,0.2655708407955545,0.038726480304935355,0.0046614872364039986
ecdf,5.0,10.0,sbp_bin2,0.14363128952550996,0.03284701826580077,0.009944765630036493
ecdf,5.0,10.0,sbp_bin3,0.029053595856919023,0.029199871497474657,0.0017337406610763014
ecdf,5.0,10.0,sbp_bin4,0.07588952522715575,0.03795394932065215,0.0032689856128209818
ecdf,5.0,10.0,sbp_bin5,0.10418009772710668,0.030342942513510333,0.0032032798036258176
ecdf,5.0,10.0,sbp_bin6,0.10906123216303887,0.03470889900859047,0.0025094743779864905
ecdf,5.0,10.0,sbp_bin7,0.07341468306500132,0.034640328470837,0.002937382383293871
ecdf,5.0,10.0,sbp_bin8,0.12682458792670803,0.030639014412785968,0.022980822891074972
ecdf,5.0,10.0,sbp_bin9,0.11142908126239259,0.024700800020450418,0.025203211446204035
ecdf,5.0,10.0,sbp_bin10,0.11640414165265511,0.022063034284121003,0.04212855141449511
ecdf,5.0,10.0,dbp_bin1,0.13148517390037173,0.048027899086270455,0.0067109816062648035
ecdf,5.0,10.0,dbp_bin2,0.08958657345830245,0.03728873579994636,0.056462563740666244
ecdf,5.0,10.0,dbp_bin3,0.025959575792877332,0.032962569264361814,0.06871958793381877
ecdf,5.0,10.0,dbp_bin4,0.10928285586530095,0.03245096532110552,0.00996413839122608
ecdf,5.0,10.0,dbp_bin5,0.09356530959460141,0.01564360568646849,0.00209847984137475
ecdf,5.0,10.0,dbp_bin6,0.07941063203718157,0.030688709888098274,0.053562305096330226
ecdf,5.0,10.0,dbp_bin7,0.07939533332737381,0.03204980290925079,0.002144779480419617
ecdf,5.0,10.0,dbp_bin8,0.058128137210352704,0.024785535394203046,0.001772081381572233
ecdf,5.0,10.0,dbp_bin9,0.08022345587886748,0.028623813747740274,0.05906691107815696
ecdf,5.0,10.0,dbp_bin10,0.09174871474116975,0.03882182026010503,0.00644762409468293
ctgan,1.0,1.0,sbp_bin1,0.2432087010080186,0.04014228507049149,0.04495749515412774
ctgan,1.0,1.0,sbp_bin2,0.15819864983344722,0.03722901566015957,0.025329778289932138
ctgan,1.0,1.0,sbp_bin3,0.12062098307016578,0.04173227863404831,0.1084118570601895
ctgan,1.0,1.0,sbp_bin4,0.14146271680757772,0.04788028297872969,0.10722901264306023
ctgan,1.0,1.0,sbp_bin5,0.11275130874026384,0.0333101094648538,0.02723202444102607
ctgan,1.0,1.0,sbp_bin6,0.09382088694240676,0.03451638346722705,0.0523862941292871
ctgan,1.0,1.0,sbp_bin7,0.09036498045130537,0.04211399898121096,0.052828210368440896
ctgan,1.0,1.0,sbp_bin8,0.10503858475593186,0.0377409265958888,0.25757144055842146
ctgan,1.0,1.0,sbp_bin9,0.14004950221907675,0.035862291658552446,0.07422014359051725
ctgan,1.0,1.0,sbp_bin10,0.13459584597507868,0.023042787489669564,0.053338213498748205
ctgan,1.0,1.0,dbp_bin1,0.1996750399479068,0.056386651483924834,0.052839878773339066
ctgan,1.0,1.0,dbp_bin2,0.1335163883563707,0.0360604991156779,0.0457420390114373
ctgan,1.0,1.0,dbp_bin3,0.0706181884305076,0.036852595996480886,0.21890083409280753
ctgan,1.0,1.0,dbp_bin4,0.10825589941351998,0.03667991452281361,0.0497843576175236
ctgan,1.0,1.0,dbp_bin5,0.11529517751079144,0.024763852575116565,0.08687387029716692
ctgan,1.0,1.0,dbp_bin6,0.10373660900564696,0.03714007407756662,0.060167976954426064
ctgan,1.0,1.0,dbp_bin7,0.10948747123997848,0.038115919695766665,0.04285381332218274
ctgan,1.0,1.0,dbp_bin8,0.10006503787909093,0.025285753922652504,0.05736591278502849
ctgan,1.0,1.0,dbp_bin9,0.07566307485655543,0.028400329148828802,0.06462391141075188
ctgan,1.0,1.0,dbp_bin10,0.1229493241134415,0.044758609265182006,0.04690687584178406
ctgan,1.0,2.0,sbp_bin1,0.24646463564260324,0.04022840514028245,0.03816886818907557
ctgan,1.0,2.0,sbp_bin2,0.166302284242973,0.035657964502619925,0.013825159951075305
ctgan,1.0,2.0,sbp_bin3,0.12287290149863117,0.04191764514044677,0.10083608855888788
ctgan,1.0,2.0,sbp_bin4,0.14373728226261873,0.04954682069829849,0.11594482013720683
ctgan,1.0,2.0,sbp_bin5,0.11496391311704834,0.03324106290333429,0.028968968372473196
ctgan,1.0,2.0,sbp_bin6,0.10367907836307655,0.03397493351567614,0.07496954399706186
ctgan,1.0,2.0,sbp_bin7,0.07649042601911205,0.04172618256609349,0.08177015944710248
ctgan,1.0,2.0,sbp_bin8,0.11261168195708027,0.03669495095845577,0.22815449019249778
ctgan,1.0,2.0,sbp_bin9,0.15517289743400264,0.03558565260188226,0.0618383903161987
ctgan,1.0,2.0,sbp_bin10,0.11618449901036765,0.024115664039851346,0.031249900871965837
ctgan,1.0,2.0,dbp_bin1,0.19599094587333799,0.05654581016303704,0.045259816882242454
ctgan,1.0,2.0,dbp_bin2,0.13065364446756877,0.03314862730639356,0.07181459300310411
ctgan,1.0,2.0,dbp_bin3,0.06886733308441928,0.03688494200691238,0.21277846552597784
ctgan,1.0,2.0,dbp_bin4,0.09644679722184535,0.037441871964559593,0.08963173955580969
ctgan,1.0,2.0,dbp_bin5,0.11360224887524661,0.02870184656592545,0.12543145496123512
ctgan,1.0,2.0,dbp_bin6,0.10131300416949318,0.037960139351575654,0.07116611504001125
ctgan,1.0,2.0,dbp_bin7,0.11460728339282789,0.038968455085889545,0.04663397470054892
ctgan,1.0,2.0,dbp_bin8,0.08006761672635121,0.025135287093199288,0.02846072811930797
ctgan,1.0,2.0,dbp_bin9,0.07175373378712657,0.02526535465179117,0.02982225017016501
ctgan,1.0,2.0,dbp_bin10,0.12897774132731343,0.044964314575588055,0.05346931743686047
ctgan,1.0,3.0,sbp_bin1,0.24196368001917656,0.04037144652300543,0.04595060031277075
ctgan,1.0,3.0,sbp_bin2,0.16044269395674549,0.03753658679665572,0.02558352181538302
ctgan,1.0,3.0,sbp_bin3,0.12207679187652032,0.04188821393247107,0.10947672751700431
ctgan,1.0,3.0,sbp_bin4,0.1505755181405367,0.05084046666723039,0.11693244669797484
ctgan,1.0,3.0,sbp_bin5,0.12040735683846138,0.03282814487958723,0.024168939482215435
ctgan,1.0,3.0,sbp_bin6,0.11297536744959047,0.03606004732224526,0.07521763679451955
ctgan,1.0,3.0,sbp_bin7,0.07038201427119906,0.04163886233656609,0.10591503294167885
ctgan,1.0,3.0,sbp_bin8,0.11136174051633363,0.03780198696425687,0.24795498398916793
ctgan,1.0,3.0,sbp_bin9,0.14524820430644914,0.03561768488194651,0.06145159805274855
ctgan,1.0,3.0,sbp_bin10,0.0962277423364718,0.02292548769728819,0.014995886283192003
ctgan,1.0,3.0,dbp_bin1,0.2007498929577124,0.05770997119575463,0.04339398988797459
ctgan,1.0,3.0,dbp_bin2,0.13481080934065592,0.03630632282237791,0.044924421184945565
ctgan,1.0,3.0,dbp_bin3,0.07063071165050827,0.03407105245014452,0.24658854669859265
ctgan,1.0,3.0,dbp_bin4,0.10164813569224129,0.03761915104848165,0.07636001793213285
ctgan,1.0,3.0,dbp_bin5,0.10751323841372973,0.025007764216657735,0.10398956335053663
ctgan,1.0,3.0,dbp_bin6,0.11258362968698732,0.037251251718908425,0.05131948484472594
ctgan,1.0,3.0,dbp_bin7,0.11583614733071335,0.03911640392002246,0.04653362573922058
ctgan,1.0,3.0,dbp_bin8,0.09639233547462334,0.02355906365263422,0.07850446126683742
ctgan,1.0,3.0,dbp_bin9,0.07157628196948673,0.025153876748896433,0.02885491725088881
ctgan,1.0,3.0,dbp_bin10,0.12350673890328812,0.04492991538777443,0.04970551013382961
ctgan,1.0,4.0,sbp_bin1,0.25896333780910485,0.04009564807067378,0.035808444748552916
ctgan,1.0,4.0,sbp_bin2,0.16720283813777914,0.03824808296250539,0.021669032247172593
ctgan,1.0,4.0,sbp_bin3,0.1260465463345697,0.04279277592364373,0.10734348428501722
ctgan,1.0,4.0,sbp_bin4,0.15345703917375242,0.04875994550513679,0.09188800574537732
ctgan,1.0,4.0,sbp_bin5,0.11293162602105711,0.03330361136214724,0.027075036785526554
ctgan,1.0,4.0,sbp_bin6,0.11680429398777037,0.035301299875068935,0.09028402098737653
ctgan,1.0,4.0,sbp_bin7,0.09545204585376343,0.04288156256001536,0.051642580781611984
ctgan,1.0,4.0,sbp_bin8,0.11357907819878266,0.03915667205843999,0.24909833840145162
ctgan,1.0,4.0,sbp_bin9,0.14529635166270505,0.035712869049241855,0.06629295895086046
ctgan,1.0,4.0,sbp_bin10,0.12614936884707084,0.022820514661184142,0.04964910904248739
ctgan,1.0,4.0,dbp_bin1,0.19406084326021622,0.05545045591200129,0.05316463424994577
ctgan,1.0,4.0,dbp_bin2,0.1354452462137794,0.03588513258433169,0.05231039302589259
ctgan,1.0,4.0,dbp_bin3,0.07156169059539708,0.03442769538129844,0.24525529948440003
ctgan,1.0,4.0,dbp_bin4,0.10330666751265916,0.03736822781255281,0.0633735172237827
ctgan,1.0,4.0,dbp_bin5,0.12198931044544192,0.02615571391940157,0.09222960939716059
ctgan,1.0,4.0,dbp_bin6,0.10859635297320758,0.03765971768409835,0.05642469113002463
ctgan,1.0,4.0,dbp_bin7,0.11099933468433498,0.04104005888249882,0.05460079885807793
ctgan,1.0,4.0,dbp_bin8,0.08463018281351331,0.023980137964336033,0.050515003346736975
ctgan,1.0,4.0,dbp_bin9,0.0716944753900034,0.030555471972158615,0.10925122163042647
ctgan,1.0,4.0,dbp_bin10,0.1233489170207599,0.04436059831538612,0.05027042605727051
ctgan,1.0,5.0,sbp_bin1,0.23648690555936025,0.03963493263682287,0.0445892699008294
ctgan,1.0,5.0,sbp_bin2,0.15856194821256042,0.035100484207540285,0.006069305994896133
ctgan,1.0,5.0,sbp_bin3,0.1305167744276431,0.042641272084846235,0.09586299042068666
ctgan,1.0,5.0,sbp_bin4,0.14351282602526716,0.04931459309906596,0.1179630296847759
ctgan,1.0,5.0,sbp_bin5,0.10889533667227536,0.033458512296191296,0.030593244228868777
ctgan,1.0,5.0,sbp_bin6,0.10686485497296383,0.03384856403248054,0.08685157596547838
ctgan,1.0,5.0,sbp_bin7,0.08260432675431617,0.04313774219972485,0.0732005618392676
ctgan,1.0,5.0,sbp_bin8,0.11398017180246534,0.0378282115961824,0.2362346425578104
ctgan,1.0,5.0,sbp_bin9,0.14152473228109363,0.034696116629295684,0.06316224666484604
ctgan,1.0,5.0,sbp_bin10,0.09994651188382553,0.02357696069350968,0.020062832610555942
ctgan,1.0,5.0,dbp_bin1,0.2020191999890114,0.055462531859705726,0.06214480811478138
ctgan,1.0,5.0,dbp_bin2,0.12956735724959367,0.03659227039273335,0.039931467424928965
ctgan,1.0,5.0,dbp_bin3,0.07120340921065149,0.03461704356057957,0.24288825489236243
ctgan,1.0,5.0,dbp_bin4,0.10011351085098708,0.03651466382443956,0.06729923881004404
ctgan,1.0,5.0,dbp_bin5,0.11850127770533359,0.025136028668744117,0.08684886056747654
ctgan,1.0,5.0,dbp_bin6,0.09979808462100948,0.037354720958540755,0.07080244502931289
ctgan,1.0,5.0,dbp_bin7,0.10649181395836815,0.038353706244563496,0.04662060888755546
ctgan,1.0,5.0,dbp_bin8,0.0941922952411558,0.02462372043216792,0.05499189988050146
ctgan,1.0,5.0,dbp_bin9,0.07514630406074196,0.028848797789610296,0.0682078391500992
ctgan,1.0,5.0,dbp_bin10,0.12191631333591713,0.04383779778062505,0.04830467035374475
ctgan,1.0,6.0,sbp_bin1,0.23491659843790047,0.03909075502501948,0.04331184861449468
ctgan,1.0,6.0,sbp_bin2,0.1725083719660514,0.03492086714598156,0.018043416789914616
ctgan,1.0,6.0,sbp_bin3,0.12122504111211263,0.0411004578060648,0.0964632233764257
ctgan,1.0,6.0,sbp_bin4,0.1446067571756824,0.04892536497689959,0.10740561482542244
ctgan,1.0,6.0,sbp_bin5,0.10646287723296877,0.0343624007922714,0.04454475543839376
ctgan,1.0,6.0,sbp_bin6,0.11474053960322483,0.03587968991455865,0.08134258302797984
ctgan,1.0,6.0,sbp_bin7,0.08373393080066471,0.04321435222980987,0.07202766344447592
ctgan,1.0,6.0,sbp_bin8,0.11901677645000242,0.038291941642076895,0.22469653302882875
ctgan,1.0,6.0,sbp_bin9,0.1527867999331225,0.035810934633797885,0.06136656947706334
ctgan,1.0,6.0,sbp_bin10,0.11551131115882274,0.02023415593180032,0.06269371552558216
ctgan,1.0,6.0,dbp_bin1,0.2025736815589798,0.05584332540393493,0.05337479442893637
ctgan,1.0,6.0,dbp_bin2,0.1322204057477917,0.03854552967975808,0.03602914415034757
ctgan,1.0,6.0,dbp_bin3,0.07252689884276309,0.03656981585009402,0.22685287884169913
ctgan,1.0,6.0,dbp_bin4,0.09985009869072325,0.03696068627087744,0.06790648784056058
ctgan,1.0,6.0,dbp_bin5,0.11696008179208994,0.02850460680601378,0.11414654433637562
ctgan,1.0,6.0,dbp_bin6,0.10016871276843498,0.036797006122286716,0.06453467520152598
ctgan,1.0,6.0,dbp_bin7,0.11596631707881966,0.03843644840961461,0.04556920635498312
ctgan,1.0,6.0,dbp_bin8,0.09212968491409756,0.023670433021722195,0.06855079819935928
ctgan,1.0,6.0,dbp_bin9,0.07554450358656584,0.030075491187663523,0.08282815505224714
ctgan,1.0,6.0,dbp_bin10,0.12170308164732091,0.04359829541167361,0.05347035882217052
ctgan,1.0,7.0,sbp_bin1,0.2475435469180688,0.04032057715115078,0.039957020544672234
ctgan,1.0,7.0,sbp_bin2,0.1680845944002487,0.035434729875165404,0.011545321681169552
ctgan,1.0,7.0,sbp_bin3,0.12400998510302641,0.04175989165147982,0.10305244178136228
ctgan,1.0,7.0,sbp_bin4,0.1457242942750805,0.049322124903196866,0.11346756445051834
ctgan,1.0,7.0,sbp_bin5,0.1141007380100485,0.03377234406493353,0.031068446138655087
ctgan,1.0,7.0,sbp_bin6,0.1118703684934218,0.03462918874741698,0.08665742909045485
ctgan,1.0,7.0,sbp_bin7,0.0701671333671362,0.04149158672033289,0.10161736926777452
ctgan,1.0,7.0,sbp_bin8,0.11402524280508375,0.039127625709549335,0.24994750428639048
ctgan,1.0,7.0,sbp_bin9,0.1280950447795447,0.0349062391011692,0.08551189860379937
ctgan,1.0,7.0,sbp_bin10,0.12870794533752683,0.024796243203194214,0.03791655362129093
ctgan,1.0,7.0,dbp_bin1,0.19106954289973188,0.05526767939578639,0.052182789328584854
ctgan,1.0,7.0,dbp_bin2,0.12782625642838774,0.035681437618290374,0.037725467031197946
ctgan,1.0,7.0,dbp_bin3,0.07173658535632688,0.03422118932520004,0.24600477158789646
ctgan,1.0,7.0,dbp_bin4,0.09943328129401585,0.03672319101143365,0.0707522882315315
ctgan,1.0,7.0,dbp_bin5,0.11719280123212583,0.02462448706562471,0.08143486486231985
ctgan,1.0,7.0,dbp_bin6,0.09785288678680104,0.03681130976615854,0.07080209278750277
ctgan,1.0,7.0,dbp_bin7,0.11106258283821047,0.0378874923885719,0.04283356529716528
ctgan,1.0,7.0,dbp_bin8,0.07808421998046977,0.024240264675348913,0.028672020576875516
ctgan,1.0,7.0,dbp_bin9,0.07295711191729914,0.028718015109711434,0.08006246309812573
ctgan,1.0,7.0,dbp_bin10,0.11680922400794358,0.043639814881314916,0.0435243201880119
ctgan,1.0,8.0,sbp_bin1,0.24299601327946807,0.03991012441674669,0.041902176347807435
ctgan,1.0,8.0,sbp_bin2,0.15755548597600055,0.03436634249272186,0.00824390694972801
ctgan,1.0,8.0,sbp_bin3,0.12783999090043818,0.04090488104832762,0.08487098050211195
ctgan,1.0,8.0,sbp_bin4,0.1536929525991062,0.04974299449065973,0.09824653242764846
ctgan,1.0,8.0,sbp_bin5,0.1209617708448788,0.03429967155264765,0.030042254931528477
ctgan,1.0,8.0,sbp_bin6,0.10440034403143572,0.03644445369119192,0.053588570066641854
ctgan,1.0,8.0,sbp_bin7,0.0746540884284238,0.04093769668902107,0.07909541235451924
ctgan,1.0,8.0,sbp_bin8,0.11581007194076198,0.038204796884283666,0.23566457015623787
ctgan,1.0,8.0,sbp_bin9,0.1466317427513375,0.035683190151770496,0.06552181133605277
ctgan,1.0,8.0,sbp_bin10,0.11806659481410076,0.02203478528702136,0.04224834962306946
ctgan,1.0,8.0,dbp_bin1,0.20281752906783124,0.056205594850753174,0.05293413619032816
ctgan,1.0,8.0,dbp_bin2,0.13148785753054482,0.03804821172808099,0.03252257049249175
ctgan,1.0,8.0,dbp_bin3,0.0733435535523016,0.037303370945686073,0.2182638884020397
ctgan,1.0,8.0,dbp_bin4,0.10483234464239621,0.03654757666590096,0.055893715422504306
ctgan,1.0,8.0,dbp_bin5,0.1160419237807101,0.027804230415144283,0.11232450975988453
ctgan,1.0,8.0,dbp_bin6,0.10793921755999814,0.03765177946216641,0.05851993482697572
ctgan,1.0,8.0,dbp_bin7,0.11204442102898438,0.0375508200058608,0.04590854949582132
ctgan,1.0,8.0,dbp_bin8,0.07388959902678294,0.02312730385887856,0.036862627940112955
ctgan,1.0,8.0,dbp_bin9,0.07843175333478336,0.027807070480505916,0.04674632025021186
ctgan,1.0,8.0,dbp_bin10,0.11972082333077871,0.04421988477469083,0.04607593434746254
ctgan,1.0,9.0,sbp_bin1,0.2349467978852754,0.03958435208607016,0.04398242107273946
ctgan,1.0,9.0,sbp_bin2,0.16328129869801744,0.03435341687957015,0.015337696890632935
ctgan,1.0,9.0,sbp_bin3,0.121201912120808,0.042452942425031615,0.11063129391843371
ctgan,1.0,9.0,sbp_bin4,0.13738959583354937,0.04831576825861611,0.11852789978424191
ctgan,1.0,9.0,sbp_bin5,0.11237035231457304,0.03246760706490355,0.02338387531608832
ctgan,1.0,9.0,sbp_bin6,0.12006328208654271,0.034663797590728865,0.09770650030831529
ctgan,1.0,9.0,sbp_bin7,0.08939773597806544,0.04369861299970283,0.0671027667298401
ctgan,1.0,9.0,sbp_bin8,0.11613106585762789,0.0384968761356879,0.23987198146375965
ctgan,1.0,9.0,sbp_bin9,0.14389900260947264,0.035105486337217516,0.06508046872149073
ctgan,1.0,9.0,sbp_bin10,0.11939225542283594,0.023286866251206736,0.03200996995630784
ctgan,1.0,9.0,dbp_bin1,0.20239916841155103,0.05599066352245446,0.05551699389169331
ctgan,1.0,9.0,dbp_bin2,0.12769104378549967,0.0344034788733507,0.05549723857156659
ctgan,1.0,9.0,dbp_bin3,0.06953833445791324,0.035506057279690806,0.2266634204760124
ctgan,1.0,9.0,dbp_bin4,0.10033696887817589,0.03649967420140941,0.06316815753255663
ctgan,1.0,9.0,dbp_bin5,0.09954552466726108,0.024902834877091908,0.11090976197166424
ctgan,1.0,9.0,dbp_bin6,0.10627069928266153,0.037678471050995636,0.06159183083199937
ctgan,1.0,9.0,dbp_bin7,0.11656566272294855,0.03727193504380882,0.050917460613286315
ctgan,1.0,9.0,dbp_bin8,0.07525771287414629,0.02541618455536359,0.022667550085839837
ctgan,1.0,9.0,dbp_bin9,0.07351048286308348,0.030208145679714353,0.09411444183483468
ctgan,1.0,9.0,dbp_bin10,0.11780293307699585,0.04413922549358458,0.04439223571563553
ctgan,1.0,10.0,sbp_bin1,0.2432220670482762,0.04103701905230902,0.04520503833753966
ctgan,1.0,10.0,sbp_bin2,0.161357791569391,0.034524736828703884,0.012791875834505627
ctgan,1.0,10.0,sbp_bin3,0.11974132770046608,0.04082931043589943,0.10263633570961705
ctgan,1.0,10.0,sbp_bin4,0.1421787939679079,0.0494477988866,0.11547234669567422
ctgan,1.0,10.0,sbp_bin5,0.10974811879279689,0.03477398015926003,0.03961952303623706
ctgan,1.0,10.0,sbp_bin6,0.11460052671850629,0.03546197008766176,0.08583172467416417
ctgan,1.0,10.0,sbp_bin7,0.07839213646720655,0.040607654571436884,0.061107441386620304
ctgan,1.0,10.0,sbp_bin8,0.10973571929003756,0.03703918157371239,0.23595232299329819
ctgan,1.0,10.0,sbp_bin9,0.15170762426252005,0.03502232653920386,0.06335972970640237
ctgan,1.0,10.0,sbp_bin10,0.1254082835443917,0.02245122035401942,0.04831024140802236
ctgan,1.0,10.0,dbp_bin1,0.20048273485660661,0.05585854612623788,0.053359191316680404
ctgan,1.0,10.0,dbp_bin2,0.1369123339311734,0.035896320551032375,0.055690528390155064
ctgan,1.0,10.0,dbp_bin3,0.06655800812580948,0.035720575799266074,0.21424236194997634
ctgan,1.0,10.0,dbp_bin4,0.09987035247223541,0.036925966027764726,0.06972727004878881
ctgan,1.0,10.0,dbp_bin5,0.11154232584565982,0.02281278702291229,0.07195434333978534
ctgan,1.0,10.0,dbp_bin6,0.1033910287479427,0.03713875090365391,0.060900804902993655
ctgan,1.0,10.0,dbp_bin7,0.11236452427519461,0.038604051577676816,0.047498590085797876
ctgan,1.0,10.0,dbp_bin8,0.09217192283782227,0.02312346177485757,0.07344253856585212
ctgan,1.0,10.0,dbp_bin9,0.07793844089554391,0.029528663027590912,0.074740264952321
ctgan,1.0,10.0,dbp_bin10,0.1189040761086948,0.04414140388380032,0.04690165249278601
ctgan,2.0,1.0,sbp_bin1,0.23746229816388476,0.041454555435621966,0.05986817864071524
ctgan,2.0,1.0,sbp_bin2,0.12851587636014106,0.037081748721585636,0.05110654788594635
ctgan,2.0,1.0,sbp_bin3,0.11364076449003713,0.036953278439213116,0.23813481041706008
ctgan,2.0,1.0,sbp_bin4,0.09493035084073531,0.0388672013972472,0.04114565052122023
ctgan,2.0,1.0,sbp_bin5,0.11171891874110673,0.031045013312004724,0.015659654369885104
ctgan,2.0,1.0,sbp_bin6,0.10161677870887986,0.035874941759033045,0.04966589262369231
ctgan,2.0,1.0,sbp_bin7,0.0782315434522105,0.042832405694774485,0.07806809922397845
ctgan,2.0,1.0,sbp_bin8,0.12038642463726046,0.02254016773428561,0.03404304725994631
ctgan,2.0,1.0,sbp_bin9,0.16195445072698944,0.03310015098876269,0.05416442787627896
ctgan,2.0,1.0,sbp_bin10,0.1037078928370575,0.01816983612243621,0.1062391874547087
ctgan,2.0,1.0,dbp_bin1,0.14803939499859364,0.046739808905702195,0.046317378177422694
ctgan,2.0,1.0,dbp_bin2,0.08357185926455268,0.03910881980316483,0.09153889783431794
ctgan,2.0,1.0,dbp_bin3,0.06291221842034322,0.041600279267901635,0.07947280579687489
ctgan,2.0,1.0,dbp_bin4,0.12106355990952289,0.0315879530364372,0.04142685782870589
ctgan,2.0,1.0,dbp_bin5,0.11500426420802001,0.04090174944345455,0.2216713517406309
ctgan,2.0,1.0,dbp_bin6,0.10082309531420941,0.027061918951206354,0.0414006882217133
ctgan,2.0,1.0,dbp_bin7,0.0797669262813675,0.037210289898981966,0.06590740078104684
ctgan,2.0,1.0,dbp_bin8,0.09590974144775699,0.025287217770607513,0.07582907657252505
ctgan,2.0,1.0,dbp_bin9,0.08156062188880431,0.0334337724193485,0.09587981427714937
ctgan,2.0,1.0,dbp_bin10,0.13124605481347063,0.04304983371376961,0.03942699303724084
ctgan,2.0,2.0,sbp_bin1,0.24071566516478637,0.03959894833589583,0.05080976854655821
ctgan,2.0,2.0,sbp_bin2,0.13494506117696003,0.037441095805628814,0.04041254191176431
ctgan,2.0,2.0,sbp_bin3,0.11423941639474211,0.03760833495649401,0.23319845441097506
ctgan,2.0,2.0,sbp_bin4,0.07444062391217188,0.03911362446224919,0.02654219142914986
ctgan,2.0,2.0,sbp_bin5,0.11683848487321646,0.030950652208796264,0.023835570662576487
ctgan,2.0,2.0,sbp_bin6,0.10033400258142688,0.036453601013205904,0.04290939991042275
ctgan,2.0,2.0,sbp_bin7,0.09280901895714744,0.04333910003273719,0.04559026787603083
ctgan,2.0,2.0,sbp_bin8,0.10979278657995806,0.01805023265357828,0.02876056478379529
ctgan,2.0,2.0,sbp_bin9,0.18145102565548332,0.03373699131641914,0.0614152913418454
ctgan,2.0,2.0,sbp_bin10,0.09662453329844534,0.01999321969366083,0.044310216963336854
ctgan,2.0,2.0,dbp_bin1,0.14686411972985935,0.04724908529764131,0.043607302115163275
ctgan,2.0,2.0,dbp_bin2,0.07397877591676794,0.03409013279245598,0.07028100363097782
ctgan,2.0,2.0,dbp_bin3,0.06582293355842783,0.04134961330517031,0.08986656954568108
ctgan,2.0,2.0,dbp_bin4,0.12201793591459642,0.03313082209398677,0.023865304656916365
ctgan,2.0,2.0,dbp_bin5,0.11221390905257334,0.04120442591038318,0.22694613290125226
ctgan,2.0,2.0,dbp_bin6,0.09467568291727835,0.02619734983482274,0.04753295266774955
ctgan,2.0,2.0,dbp_bin7,0.07910479267012294,0.03759153914562734,0.07522737327854753
ctgan,2.0,2.0,dbp_bin8,0.08014921277909359,0.02464725499811977,0.0488958390771956
ctgan,2.0,2.0,dbp_bin9,0.0864659559587575,0.032957223374425526,0.0726342191233622
ctgan,2.0,2.0,dbp_bin10,0.12608473042670143,0.04401804123265903,0.035257829071736954
ctgan,2.0,3.0,sbp_bin1,0.23695326539048622,0.03934309391172764,0.05075310544272785
ctgan,2.0,3.0,sbp_bin2,0.13471620531178297,0.037219736300422,0.03850596027513086
ctgan,2.0,3.0,sbp_bin3,0.10801477744918875,0.03762816699170889,0.22481414576868147
ctgan,2.0,3.0,sbp_bin4,0.06831890369928129,0.04030806529408564,0.06989236329813946
ctgan,2.0,3.0,sbp_bin5,0.11014706070661096,0.03085930081576842,0.01980423508000364
ctgan,2.0,3.0,sbp_bin6,0.10599962045204225,0.0358013378719915,0.05913338494376485
ctgan,2.0,3.0,sbp_bin7,0.08030647245712985,0.04108426793647085,0.051768117245068856
ctgan,2.0,3.0,sbp_bin8,0.11295881845492317,0.01882991832045757,0.024831753651226567
ctgan,2.0,3.0,sbp_bin9,0.17636520562691005,0.03250415852958072,0.05844647663125399
ctgan,2.0,3.0,sbp_bin10,0.07727803929999644,0.018555706404785998,0.031917954754112535
ctgan,2.0,3.0,dbp_bin1,0.1444740046646591,0.04681581470023408,0.045171826670062254
ctgan,2.0,3.0,dbp_bin2,0.09770491925686997,0.03525856761295429,0.02038802377810649
ctgan,2.0,3.0,dbp_bin3,0.07195693674973302,0.04219252276226624,0.09756663547703498
ctgan,2.0,3.0,dbp_bin4,0.12172592683911143,0.032025807723264216,0.03902989928854854
ctgan,2.0,3.0,dbp_bin5,0.11901689747879118,0.040915227754940366,0.2068298886102165
ctgan,2.0,3.0,dbp_bin6,0.0859866054206655,0.028459846380015898,0.013329609772330612
ctgan,2.0,3.0,dbp_bin7,0.08017538665622415,0.03737029046910986,0.06563098733994771
ctgan,2.0,3.0,dbp_bin8,0.08286381357886186,0.024800404967216798,0.06124379679009606
ctgan,2.0,3.0,dbp_bin9,0.08986492563222226,0.033853629048804276,0.07044165880632625
ctgan,2.0,3.0,dbp_bin10,0.12651614296135927,0.04302579199653346,0.035500458190472275
ctgan,2.0,4.0,sbp_bin1,0.24169564824901257,0.04171136975758156,0.06087194191669918
ctgan,2.0,4.0,sbp_bin2,0.13283523977263778,0.03629366270676307,0.03290539860843292
ctgan,2.0,4.0,sbp_bin3,0.11488370074653975,0.03616821557221857,0.2518026248522358
ctgan,2.0,4.0,sbp_bin4,0.09436417899105765,0.03982140136202394,0.034732281795871095
ctgan,2.0,4.0,sbp_bin5,0.11499579573569474,0.031403428527546316,0.019546461570656155
ctgan,2.0,4.0,sbp_bin6,0.10488315258572622,0.03553935946840926,0.06088240291477502
ctgan,2.0,4.0,sbp_bin7,0.08773563063915868,0.04226834976189028,0.04458093450924368
ctgan,2.0,4.0,sbp_bin8,0.11357652066689827,0.018777957095586273,0.023776017350989335
ctgan,2.0,4.0,sbp_bin9,0.16564887220799773,0.03196549791414108,0.05062713589347956
ctgan,2.0,4.0,sbp_bin10,0.10860816263515971,0.01992363857542944,0.06898107432656275
ctgan,2.0,4.0,dbp_bin1,0.1488761832334593,0.04698688569928603,0.04698092932732137
ctgan,2.0,4.0,dbp_bin2,0.07435471889299217,0.03535483430261358,0.08232497448685
ctgan,2.0,4.0,dbp_bin3,0.06206528702295422,0.0406497688287963,0.08815912773660291
ctgan,2.0,4.0,dbp_bin4,0.11879344208946196,0.03211133338176606,0.031224516176945053
ctgan,2.0,4.0,dbp_bin5,0.11689483734839723,0.04017200540351836,0.21091594379059392
ctgan,2.0,4.0,dbp_bin6,0.08009816550483895,0.03381257884501281,0.09695708907185197
ctgan,2.0,4.0,dbp_bin7,0.0789490247011091,0.03843206485334439,0.08387192721322873
ctgan,2.0,4.0,dbp_bin8,0.09116975541857975,0.025385864646257895,0.06847416158870996
ctgan,2.0,4.0,dbp_bin9,0.09329433975076251,0.034334776135719905,0.06803591627630144
ctgan,2.0,4.0,dbp_bin10,0.12920976419197416,0.04376751287352652,0.03671990691889704
ctgan,2.0,5.0,sbp_bin1,0.2399943440873199,0.041039378448213065,0.05715520292623505
ctgan,2.0,5.0,sbp_bin2,0.15059598572508337,0.03726394760704228,0.016013776259433014
ctgan,2.0,5.0,sbp_bin3,0.11441677900174807,0.03731483816921786,0.23755134313556953
ctgan,2.0,5.0,sbp_bin4,0.098265651840716,0.0398649465174883,0.03898693053055255
ctgan,2.0,5.0,sbp_bin5,0.11361026686291964,0.03143913055588948,0.018197615443603314
ctgan,2.0,5.0,sbp_bin6,0.10143979771997358,0.036452567233600554,0.04413021604902524
ctgan,2.0,5.0,sbp_bin7,0.08964153769912409,0.04299840521576726,0.04857376631771264
ctgan,2.0,5.0,sbp_bin8,0.11815625377528671,0.020129570496114208,0.020109671114571636
ctgan,2.0,5.0,sbp_bin9,0.17661605871686958,0.03209603900380027,0.05711560037299752
ctgan,2.0,5.0,sbp_bin10,0.10870010333159419,0.019153771334600233,0.08107384488419417
ctgan,2.0,5.0,dbp_bin1,0.14326394651847807,0.048369392372339566,0.04237088787376219
ctgan,2.0,5.0,dbp_bin2,0.08998771286490403,0.035129441875259806,0.023075679024459617
ctgan,2.0,5.0,dbp_bin3,0.07284521143281764,0.04022723715479077,0.12236537278043308
ctgan,2.0,5.0,dbp_bin4,0.11961760475187522,0.03492825157902199,0.014805030594072436
ctgan,2.0,5.0,dbp_bin5,0.10572653620878913,0.04006709469627341,0.22764083393007062
ctgan,2.0,5.0,dbp_bin6,0.09815076950792034,0.03139389285878491,0.03471738607259306
ctgan,2.0,5.0,dbp_bin7,0.08531253396003813,0.0368986913250321,0.0460096331670337
ctgan,2.0,5.0,dbp_bin8,0.08907278406997787,0.02604150521956506,0.05483900293133312
ctgan,2.0,5.0,dbp_bin9,0.07530340380017819,0.03258543855099274,0.11009270656431097
ctgan,2.0,5.0,dbp_bin10,0.122201538484762,0.04323183238449967,0.0319750351878718
ctgan,2.0,6.0,sbp_bin1,0.24346532737186222,0.04065066088144385,0.05139010328553607
ctgan,2.0,6.0,sbp_bin2,0.1418393889317191,0.03749853174852151,0.025953140680582295
ctgan,2.0,6.0,sbp_bin3,0.1060365732637526,0.037076381350111196,0.22481428214565594
ctgan,2.0,6.0,sbp_bin4,0.11252714861962354,0.04143717112716915,0.05941665490319291
ctgan,2.0,6.0,sbp_bin5,0.11233093175551834,0.030521790833750295,0.02044476693382917
ctgan,2.0,6.0,sbp_bin6,0.10321113670366777,0.036199702538914844,0.04744340376812154
ctgan,2.0,6.0,sbp_bin7,0.07971755592448093,0.04278189132884386,0.07445661051105772
ctgan,2.0,6.0,sbp_bin8,0.11629064431534808,0.02094247869431158,0.023164555548646104
ctgan,2.0,6.0,sbp_bin9,0.18401046319261705,0.032211051716891606,0.05664472345434477
ctgan,2.0,6.0,sbp_bin10,0.07955106841864523,0.019457947792316355,0.019159289859272836
ctgan,2.0,6.0,dbp_bin1,0.14743058202025028,0.0476008614443356,0.04062751947251627
ctgan,2.0,6.0,dbp_bin2,0.08052838025721254,0.037965103806794465,0.09029943349993488
ctgan,2.0,6.0,dbp_bin3,0.06013973503947323,0.042417356339127306,0.06813075437389218
ctgan,2.0,6.0,dbp_bin4,0.11901355061322483,0.033969926254906614,0.017502726146996113
ctgan,2.0,6.0,dbp_bin5,0.11000295099333735,0.04016375764502126,0.22352622541992667
ctgan,2.0,6.0,dbp_bin6,0.08620098375551988,0.02830848730247715,0.012029611628210205
ctgan,2.0,6.0,dbp_bin7,0.086324230548949,0.03736754067930389,0.04791389156352728
ctgan,2.0,6.0,dbp_bin8,0.08463966378379717,0.02615137298396899,0.04232830701683593
ctgan,2.0,6.0,dbp_bin9,0.079959504609741,0.034201267639276174,0.10568753015120483
ctgan,2.0,6.0,dbp_bin10,0.12955981493837498,0.0435987789699032,0.0436351165174911
ctgan,2.0,7.0,sbp_bin1,0.23295138121340597,0.039359591784510414,0.05410778614417183
ctgan,2.0,7.0,sbp_bin2,0.12749448415042575,0.03697736414878664,0.05457359477027087
ctgan,2.0,7.0,sbp_bin3,0.11041644476628598,0.036210763734607875,0.24349501756776495
ctgan,2.0,7.0,sbp_bin4,0.08213401204529347,0.04051600643782445,0.01740157635072389
ctgan,2.0,7.0,sbp_bin5,0.11504942709505828,0.030865579010373016,0.01912994321520431
ctgan,2.0,7.0,sbp_bin6,0.09804282100703621,0.034907846103791586,0.051073969724061155
ctgan,2.0,7.0,sbp_bin7,0.07352616410659407,0.04169017181425416,0.08501246016581426
ctgan,2.0,7.0,sbp_bin8,0.12818616816309547,0.017957196267569468,0.05000782633862474
ctgan,2.0,7.0,sbp_bin9,0.1793163396814209,0.032739776449588656,0.05784668375996687
ctgan,2.0,7.0,sbp_bin10,0.08529018091218521,0.020704871217237113,0.008368141893205627
ctgan,2.0,7.0,dbp_bin1,0.14040607280161543,0.046939105216453954,0.043041828649773226
ctgan,2.0,7.0,dbp_bin2,0.07919186199429962,0.03489150966940566,0.05614155370665477
ctgan,2.0,7.0,dbp_bin3,0.06555313560962439,0.041107006395448904,0.09544272099908706
ctgan,2.0,7.0,dbp_bin4,0.12410831203790484,0.03802719371555339,0.03221071324282283
ctgan,2.0,7.0,dbp_bin5,0.10697330297115448,0.03997150643669932,0.22741896645268211
ctgan,2.0,7.0,dbp_bin6,0.09075933056562802,0.029462577579599237,0.021824147583425907
ctgan,2.0,7.0,dbp_bin7,0.07068459253578108,0.037182416805131326,0.10919444654698307
ctgan,2.0,7.0,dbp_bin8,0.07643755781897266,0.025889128232691738,0.026239574572832942
ctgan,2.0,7.0,dbp_bin9,0.08534114461012932,0.034118317556134925,0.09120126013212107
ctgan,2.0,7.0,dbp_bin10,0.13302916640401996,0.043862284583608316,0.03605060652447824
ctgan,2.0,8.0,sbp_bin1,0.23692501275447075,0.04136937523519014,0.0641015975499526
ctgan,2.0,8.0,sbp_bin2,0.13710581759033036,0.037190864737263116,0.039084327398638825
ctgan,2.0,8.0,sbp_bin3,0.1144264292250341,0.034909477549075654,0.2610303219897723
ctgan,2.0,8.0,sbp_bin4,0.09874247137163583,0.04110020569695341,0.03765270359146626
ctgan,2.0,8.0,sbp_bin5,0.11609413365465182,0.03146306577426169,0.022872970602688655
ctgan,2.0,8.0,sbp_bin6,0.10272247321777705,0.03686658988908737,0.04485356060242729
ctgan,2.0,8.0,sbp_bin7,0.07136248595669803,0.042156102745516726,0.10360071423514851
ctgan,2.0,8.0,sbp_bin8,0.11818252191045664,0.02149220397983223,0.032192424851878246
ctgan,2.0,8.0,sbp_bin9,0.1909811674034786,0.03148943123279862,0.06294064954028625
ctgan,2.0,8.0,sbp_bin10,0.09099017241465768,0.020829926661213697,0.01858727112511377
ctgan,2.0,8.0,dbp_bin1,0.14801138055338425,0.04751390422549599,0.042790381662010546
ctgan,2.0,8.0,dbp_bin2,0.08569883193089334,0.03579934471526336,0.04380596676077229
ctgan,2.0,8.0,dbp_bin3,0.06606153065565967,0.04057651590574174,0.09726641025825128
ctgan,2.0,8.0,dbp_bin4,0.11580940463059597,0.03470538954548002,0.0139711541267596
ctgan,2.0,8.0,dbp_bin5,0.11247216514143066,0.039881160924085036,0.21722591514199702
ctgan,2.0,8.0,dbp_bin6,0.09677445012893571,0.033151407903545704,0.05129759733870744
ctgan,2.0,8.0,dbp_bin7,0.09073327965355771,0.037988124066448394,0.04259240489559965
ctgan,2.0,8.0,dbp_bin8,0.08772334832914208,0.025564515393595118,0.05982790445593164
ctgan,2.0,8.0,dbp_bin9,0.0918594791812678,0.03231878293554109,0.04907445734198703
ctgan,2.0,8.0,dbp_bin10,0.1337659400151111,0.042847687557233026,0.04576860828052791
ctgan,2.0,9.0,sbp_bin1,0.23811399310996206,0.04165476028666804,0.06142413013298814
ctgan,2.0,9.0,sbp_bin2,0.14536855458472797,0.03756929359612631,0.026239543493875535
ctgan,2.0,9.0,sbp_bin3,0.10740871898294346,0.03609038146440948,0.23963544380622193
ctgan,2.0,9.0,sbp_bin4,0.11292837624973551,0.040052054726775525,0.06862716089196223
ctgan,2.0,9.0,sbp_bin5,0.10832668194128947,0.031434427238681194,0.019292845401073573
ctgan,2.0,9.0,sbp_bin6,0.10733211103129292,0.034726720152213494,0.07400551877698325
ctgan,2.0,9.0,sbp_bin7,0.07828438236883684,0.04132494394903219,0.060942915544689134
ctgan,2.0,9.0,sbp_bin8,0.09905304737982734,0.018186747138216452,0.00926266587584391
ctgan,2.0,9.0,sbp_bin9,0.18451690983251612,0.03186136019922366,0.05847650189435961
ctgan,2.0,9.0,sbp_bin10,0.09385518037634866,0.019987490455422606,0.034420414717293304
ctgan,2.0,9.0,dbp_bin1,0.142483573333835,0.04818700894634047,0.04181541923658409
ctgan,2.0,9.0,dbp_bin2,0.07320514509485432,0.03587634761699228,0.09896804442866303
ctgan,2.0,9.0,dbp_bin3,0.0656487171676895,0.040890992995312486,0.09417019714184723
ctgan,2.0,9.0,dbp_bin4,0.11909797591918292,0.03478006152524881,0.017462552541500986
ctgan,2.0,9.0,dbp_bin5,0.107032901395954,0.039788839850883696,0.2286455295583259
ctgan,2.0,9.0,dbp_bin6,0.08499431274894398,0.03171477314089516,0.057379963203123094
ctgan,2.0,9.0,dbp_bin7,0.07596135541943505,0.03748115872909656,0.0876942224176282
ctgan,2.0,9.0,dbp_bin8,0.09154390465909723,0.025883398641069078,0.06128246397819051
ctgan,2.0,9.0,dbp_bin9,0.09439319361193188,0.03199093051247636,0.04068460712599772
ctgan,2.0,9.0,dbp_bin10,0.12673723194496356,0.0432252722993011,0.034684157013779304
ctgan,2.0,10.0,sbp_bin1,0.24486691973009922,0.040942326937381354,0.056066679423509264
ctgan,2.0,10.0,sbp_bin2,0.13197111314801613,0.03728294368955798,0.04582030677154454
ctgan,2.0,10.0,sbp_bin3,0.11397682848014301,0.03698954063818222,0.2398271717063118
ctgan,2.0,10.0,sbp_bin4,0.10557370982048164,0.04023466178099218,0.05377262273344816
ctgan,2.0,10.0,sbp_bin5,0.11651430593002166,0.03079297599587629,0.023074962731805173
ctgan,2.0,10.0,sbp_bin6,0.10143716636989875,0.03383290451619092,0.07439839163460793
ctgan,2.0,10.0,sbp_bin7,0.08084813201186147,0.04212592950063976,0.058935339209080215
ctgan,2.0,10.0,sbp_bin8,0.09577467024766673,0.03148747427135687,0.16506499018140247
ctgan,2.0,10.0,sbp_bin9,0.17846509164665758,0.031258354742158385,0.05450684151592107
ctgan,2.0,10.0,sbp_bin10,0.07184378161639982,0.018177661658239214,0.03340758867141937
ctgan,2.0,10.0,dbp_bin1,0.13925757011686934,0.04670743507037394,0.046280250164885794
ctgan,2.0,10.0,dbp_bin2,0.08903824246018688,0.03733862868430399,0.054479676394821444
ctgan,2.0,10.0,dbp_bin3,0.06467950005604206,0.04255055660098799,0.07826062669397019
ctgan,2.0,10.0,dbp_bin4,0.11870361255870943,0.03688041957716461,0.029133745006455214
ctgan,2.0,10.0,dbp_bin5,0.11573520113661118,0.04092913097628943,0.21892721541593135
ctgan,2.0,10.0,dbp_bin6,0.10164152002312277,0.03037167607447155,0.022135534376097526
ctgan,2.0,10.0,dbp_bin7,0.08690026319356048,0.03715069100643441,0.044877305409534475
ctgan,2.0,10.0,dbp_bin8,0.08228615626459479,0.02517144780295849,0.04898003874240332
ctgan,2.0,10.0,dbp_bin9,0.09793716071050484,0.034382344402734334,0.056528458746357785
ctgan,2.0,10.0,dbp_bin10,0.12404504365841884,0.04315248123770924,0.03228994089000555
ctgan,3.0,1.0,sbp_bin1,0.24354709442416134,0.043492248073039405,0.04796219213784427
ctgan,3.0,1.0,sbp_bin2,0.14024914642373798,0.03744020970003869,0.04588379426810377
ctgan,3.0,1.0,sbp_bin3,0.09533400170453832,0.03388941350964422,0.1793689588965655
ctgan,3.0,1.0,sbp_bin4,0.13133131100263862,0.04362159684896087,0.08174204913095567
ctgan,3.0,1.0,sbp_bin5,0.1072895933678546,0.029970150835901824,0.016294969352249954
ctgan,3.0,1.0,sbp_bin6,0.09009904087087939,0.03515389417007616,0.03145764252965811
ctgan,3.0,1.0,sbp_bin7,0.07314839992390199,0.03707903340321939,0.03555962196278788
ctgan,3.0,1.0,sbp_bin8,0.12095587943895236,0.028453785945632398,0.08629063944203881
ctgan,3.0,1.0,sbp_bin9,0.11924652022389404,0.02836052679167804,0.05682049043354883
ctgan,3.0,1.0,sbp_bin10,0.1213596610639428,0.02309492851159391,0.03947702309773851
ctgan,3.0,1.0,dbp_bin1,0.16993225091340058,0.05118001220507966,0.04224452838959444
ctgan,3.0,1.0,dbp_bin2,0.10720303814762755,0.04283459469334967,0.04265747386620325
ctgan,3.0,1.0,dbp_bin3,0.05587324094896684,0.03678633537589778,0.17593525878402233
ctgan,3.0,1.0,dbp_bin4,0.11602361531502003,0.03549223394630857,0.02105202345176837
ctgan,3.0,1.0,dbp_bin5,0.09300673563285056,0.038688121831508236,0.2671051569367787
ctgan,3.0,1.0,dbp_bin6,0.08140672330514898,0.025399832433586338,0.033827897735104015
ctgan,3.0,1.0,dbp_bin7,0.08018614055132345,0.036335876479805275,0.04794604045351043
ctgan,3.0,1.0,dbp_bin8,0.06019607389779358,0.02213191319158281,0.014726283263039713
ctgan,3.0,1.0,dbp_bin9,0.0989229792068308,0.03650692329275365,0.06988331931324253
ctgan,3.0,1.0,dbp_bin10,0.1393450834519967,0.05140465533923555,0.07414422002131218
ctgan,3.0,2.0,sbp_bin1,0.24212513598137442,0.042552911463786064,0.0439652454902316
ctgan,3.0,2.0,sbp_bin2,0.13888875485093732,0.03385429526928748,0.008733529032240221
ctgan,3.0,2.0,sbp_bin3,0.09321916250206952,0.033351480309020666,0.175855946446067
ctgan,3.0,2.0,sbp_bin4,0.1363736093016371,0.04418079471532575,0.08554023468605887
ctgan,3.0,2.0,sbp_bin5,0.11099321658113592,0.030601109769409673,0.02043897430583029
ctgan,3.0,2.0,sbp_bin6,0.0726762787918871,0.035501672729218635,0.026267547147778042
ctgan,3.0,2.0,sbp_bin7,0.07010689058084518,0.0367024104866915,0.04287329093539058
ctgan,3.0,2.0,sbp_bin8,0.11513885368920596,0.030106139755938236,0.10532387382386194
ctgan,3.0,2.0,sbp_bin9,0.11059879735825617,0.02936907695855755,0.08319495976950397
ctgan,3.0,2.0,sbp_bin10,0.12559357694475515,0.026052981149918056,0.06513097978966488
ctgan,3.0,2.0,dbp_bin1,0.16689078238056176,0.04977786273817199,0.046225926124040057
ctgan,3.0,2.0,dbp_bin2,0.08707940065035713,0.04282116035264515,0.10483379188636036
ctgan,3.0,2.0,dbp_bin3,0.059234982724110874,0.03676516212067871,0.18649931822116783
ctgan,3.0,2.0,dbp_bin4,0.11499650459714394,0.036659009540873776,0.02009760166957031
ctgan,3.0,2.0,dbp_bin5,0.09180806442402889,0.03840394702648693,0.2621363553290393
ctgan,3.0,2.0,dbp_bin6,0.09112925819119388,0.027528880296498408,0.028889995184115773
ctgan,3.0,2.0,dbp_bin7,0.08725750405691834,0.0361285674007472,0.025952516157677234
ctgan,3.0,2.0,dbp_bin8,0.06473571700785574,0.02622392042360886,0.03926085134396134
ctgan,3.0,2.0,dbp_bin9,0.09339255033487259,0.036268301102340375,0.08218597081350648
ctgan,3.0,2.0,dbp_bin10,0.13024051603352016,0.05061176598808638,0.06698865588857518
ctgan,3.0,3.0,sbp_bin1,0.23973980913018267,0.043568549146497784,0.04544906640775229
ctgan,3.0,3.0,sbp_bin2,0.13321454222500606,0.032889348103891096,0.005741825278722728
ctgan,3.0,3.0,sbp_bin3,0.09325564262427077,0.032561997227721705,0.18595533929199315
ctgan,3.0,3.0,sbp_bin4,0.13272051094597503,0.04282021561648589,0.08636486331661046
ctgan,3.0,3.0,sbp_bin5,0.103237642250805,0.031329633699169114,0.019762174548099466
ctgan,3.0,3.0,sbp_bin6,0.07891864215046052,0.03817524487694378,0.038459837938675606
ctgan,3.0,3.0,sbp_bin7,0.07125231715399993,0.038831238030560135,0.060216350313325964
ctgan,3.0,3.0,sbp_bin8,0.11657853383189254,0.029227663658269107,0.09746077446619059
ctgan,3.0,3.0,sbp_bin9,0.11504946146889483,0.029060741432724222,0.06607977694959516
ctgan,3.0,3.0,sbp_bin10,0.14003424611141513,0.024894644594966073,0.03420524692258654
ctgan,3.0,3.0,dbp_bin1,0.16401439032202292,0.05020513657970438,0.04594785548880378
ctgan,3.0,3.0,dbp_bin2,0.10585387554132875,0.04411843775445001,0.05346798595764239
ctgan,3.0,3.0,dbp_bin3,0.05722467569523604,0.035374598457541886,0.1954603743188239
ctgan,3.0,3.0,dbp_bin4,0.1116130546392976,0.03624434930465818,0.01670255016289311
ctgan,3.0,3.0,dbp_bin5,0.09236583580331514,0.03894288123074178,0.2734259682108521
ctgan,3.0,3.0,dbp_bin6,0.07963183776411287,0.029511587638835005,0.030459754045028396
ctgan,3.0,3.0,dbp_bin7,0.09371325325425828,0.036931006654428084,0.023349729896563864
ctgan,3.0,3.0,dbp_bin8,0.06606797375842977,0.0225616168807092,0.028473324803767085
ctgan,3.0,3.0,dbp_bin9,0.08749948594349455,0.03607407872178284,0.09644278192794567
ctgan,3.0,3.0,dbp_bin10,0.13753399967373336,0.05137279820156338,0.07424553854407392
ctgan,3.0,4.0,sbp_bin1,0.24789403873966476,0.04408336743808749,0.04412211053688557
ctgan,3.0,4.0,sbp_bin2,0.1431833765887277,0.03463334398474127,0.007666619472889787
ctgan,3.0,4.0,sbp_bin3,0.09599899248619548,0.033326636949709006,0.18288426847355177
ctgan,3.0,4.0,sbp_bin4,0.13544203089133722,0.04325882153416714,0.08293406500266534
ctgan,3.0,4.0,sbp_bin5,0.10704927139554632,0.030771841426343524,0.015836160770039492
ctgan,3.0,4.0,sbp_bin6,0.07710088618218414,0.03529924049884715,0.013822331929492806
ctgan,3.0,4.0,sbp_bin7,0.07325443991296055,0.038287259534215384,0.052518407137735146
ctgan,3.0,4.0,sbp_bin8,0.12298414258930979,0.028638724297307346,0.08478518053664258
ctgan,3.0,4.0,sbp_bin9,0.1159348949775989,0.028170414546099507,0.06406952698002316
ctgan,3.0,4.0,sbp_bin10,0.14219761308636847,0.023586147344653474,0.029145325909985677
ctgan,3.0,4.0,dbp_bin1,0.17565642587835784,0.051330999476719825,0.04286111386227602
ctgan,3.0,4.0,dbp_bin2,0.1157795259217721,0.04293147013826236,0.0381710268032196
ctgan,3.0,4.0,dbp_bin3,0.05278177195366529,0.0361258500148451,0.17370325880043677
ctgan,3.0,4.0,dbp_bin4,0.12351643279601121,0.03700910461071723,0.0203410230313358
ctgan,3.0,4.0,dbp_bin5,0.09091095653773851,0.038986625638056556,0.27982885097538074
ctgan,3.0,4.0,dbp_bin6,0.07875605000378916,0.025724397976188727,0.02669939817481278
ctgan,3.0,4.0,dbp_bin7,0.08605246100763142,0.03611285919749828,0.028183330021923296
ctgan,3.0,4.0,dbp_bin8,0.06404664736871424,0.02208921027615563,0.031276964162096375
ctgan,3.0,4.0,dbp_bin9,0.087944012713705,0.03630532309779055,0.10087339315336555
ctgan,3.0,4.0,dbp_bin10,0.1324113358698512,0.05020903266681393,0.06556089018823436
ctgan,3.0,5.0,sbp_bin1,0.25628076592051496,0.04358377769626941,0.03909411156756876
ctgan,3.0,5.0,sbp_bin2,0.13890114481225324,0.03551855505627019,0.02056332460207007
ctgan,3.0,5.0,sbp_bin3,0.09810545647461744,0.03241497569058171,0.19670598886475416
ctgan,3.0,5.0,sbp_bin4,0.1334253613294747,0.04469254436332524,0.08389811890469036
ctgan,3.0,5.0,sbp_bin5,0.10602033987561799,0.03181534332553993,0.018471410965317868
ctgan,3.0,5.0,sbp_bin6,0.08140067461393918,0.03595358936145228,0.010631056733809395
ctgan,3.0,5.0,sbp_bin7,0.06893192869267484,0.037334755224812936,0.05435785574680468
ctgan,3.0,5.0,sbp_bin8,0.12225342064399902,0.026624898902742455,0.06804336278798348
ctgan,3.0,5.0,sbp_bin9,0.12356151913467117,0.029634856808922656,0.059649624551055797
ctgan,3.0,5.0,sbp_bin10,0.140661489067906,0.02380631523460211,0.02488528367118707
ctgan,3.0,5.0,dbp_bin1,0.1711748109998512,0.05075630195917777,0.04403933606149446
ctgan,3.0,5.0,dbp_bin2,0.14122338047262728,0.04416267674673029,0.06494997672391198
ctgan,3.0,5.0,dbp_bin3,0.05755942941916492,0.03470060584248895,0.2070572193301867
ctgan,3.0,5.0,dbp_bin4,0.12333621416436735,0.03826629964099259,0.027049326543357975
ctgan,3.0,5.0,dbp_bin5,0.08808385582942335,0.037979545511949875,0.2819187677013426
ctgan,3.0,5.0,dbp_bin6,0.08958664612147671,0.028936515206028465,0.008433286383252954
ctgan,3.0,5.0,dbp_bin7,0.07985461500789459,0.03600833113915911,0.04431682627506713
ctgan,3.0,5.0,dbp_bin8,0.07323905851945123,0.023767639953012603,0.027037397916631782
ctgan,3.0,5.0,dbp_bin9,0.07982347646063304,0.035986388226836634,0.1292884639619592
ctgan,3.0,5.0,dbp_bin10,0.1292334956685005,0.05007413466605694,0.0636158037862461
ctgan,3.0,6.0,sbp_bin1,0.2488278797128728,0.04233941639451888,0.03815603810514677
ctgan,3.0,6.0,sbp_bin2,0.13911253334021123,0.03417914591228786,0.010859724885378487
ctgan,3.0,6.0,sbp_bin3,0.09808443808691736,0.03293619814871045,0.18932334339184695
ctgan,3.0,6.0,sbp_bin4,0.13811673917193557,0.04271893549309937,0.09369923972549958
ctgan,3.0,6.0,sbp_bin5,0.11373265300362079,0.030215238798935593,0.022290245619300014
ctgan,3.0,6.0,sbp_bin6,0.08370635291824746,0.03603179849432448,0.011787839057492009
ctgan,3.0,6.0,sbp_bin7,0.07304645538085852,0.035366985189298726,0.011466768700325338
ctgan,3.0,6.0,sbp_bin8,0.11626884302105811,0.028555783266728828,0.09221528991856921
ctgan,3.0,6.0,sbp_bin9,0.11712697430704311,0.030363680623277427,0.08390941352047827
ctgan,3.0,6.0,sbp_bin10,0.14032909728078613,0.02580474858194383,0.039655944241295066
ctgan,3.0,6.0,dbp_bin1,0.17510611813396904,0.050754781176924425,0.047687086603453735
ctgan,3.0,6.0,dbp_bin2,0.08512790846612106,0.04177375098772965,0.09684799666171943
ctgan,3.0,6.0,dbp_bin3,0.05659969933038367,0.03689887631027791,0.17867120830180538
ctgan,3.0,6.0,dbp_bin4,0.12554640355784974,0.037295539557641186,0.026574697489774823
ctgan,3.0,6.0,dbp_bin5,0.10655867264349683,0.0379898943541317,0.22509366714142864
ctgan,3.0,6.0,dbp_bin6,0.08249540468980965,0.025795051750591498,0.03385581945450056
ctgan,3.0,6.0,dbp_bin7,0.08526300616831106,0.03493133654973459,0.013780905129583312
ctgan,3.0,6.0,dbp_bin8,0.0709324718850205,0.022067584317355518,0.05441263595463267
ctgan,3.0,6.0,dbp_bin9,0.0887851721745202,0.03614381013056566,0.09368410245907038
ctgan,3.0,6.0,dbp_bin10,0.13163902671678862,0.05056404213007815,0.06814764882354743
ctgan,3.0,7.0,sbp_bin1,0.24939234431115032,0.04315293715654302,0.041285004802232565
ctgan,3.0,7.0,sbp_bin2,0.13388351864166614,0.03476612358768554,0.028879726253485408
ctgan,3.0,7.0,sbp_bin3,0.09671712634938823,0.03370485621440979,0.18019384024311308
ctgan,3.0,7.0,sbp_bin4,0.13820152208867265,0.04295609072818994,0.09123959251598837
ctgan,3.0,7.0,sbp_bin5,0.11306954123293911,0.030321420881692943,0.025805201970264063
ctgan,3.0,7.0,sbp_bin6,0.08035802570074002,0.0386869856744131,0.042265019481203356
ctgan,3.0,7.0,sbp_bin7,0.08199515877811903,0.03770279475870869,0.017123018646671553
ctgan,3.0,7.0,sbp_bin8,0.12031591590284363,0.030867540572158635,0.10449436236153013
ctgan,3.0,7.0,sbp_bin9,0.11755949159857126,0.029399006189584638,0.06827318685937285
ctgan,3.0,7.0,sbp_bin10,0.14535772682689063,0.023082256359257775,0.031246007528919543
ctgan,3.0,7.0,dbp_bin1,0.16868860427501253,0.04987822144527535,0.04777661860475374
ctgan,3.0,7.0,dbp_bin2,0.10273703763070952,0.042944256867073066,0.054099106283523504
ctgan,3.0,7.0,dbp_bin3,0.051164624803451075,0.034992538555134456,0.18224164480217053
ctgan,3.0,7.0,dbp_bin4,0.12076293099010382,0.035931088626189524,0.024688611926800812
ctgan,3.0,7.0,dbp_bin5,0.1017853056128013,0.04023526571956981,0.2463632437340733
ctgan,3.0,7.0,dbp_bin6,0.07874284826696998,0.025291691184903663,0.03242057133818608
ctgan,3.0,7.0,dbp_bin7,0.09207111924830724,0.03621187120483929,0.02225338889967258
ctgan,3.0,7.0,dbp_bin8,0.06089498581082231,0.022285385592898034,0.01663963561916746
ctgan,3.0,7.0,dbp_bin9,0.09233261980111396,0.03583877297948648,0.0818494453909349
ctgan,3.0,7.0,dbp_bin10,0.1252542639411066,0.049730583437723366,0.06327347659515059
ctgan,3.0,8.0,sbp_bin1,0.25452329149185415,0.04410828623315903,0.043554199121288446
ctgan,3.0,8.0,sbp_bin2,0.13566032713875098,0.03698198299175885,0.049488787444915354
ctgan,3.0,8.0,sbp_bin3,0.09484017514041698,0.03338674660856829,0.17822554396526388
ctgan,3.0,8.0,sbp_bin4,0.13811682474729914,0.04291520735469229,0.08975968112413615
ctgan,3.0,8.0,sbp_bin5,0.10446378544112,0.030589386981006526,0.012581933723506087
ctgan,3.0,8.0,sbp_bin6,0.08721465616017732,0.037342963235419704,0.014236561198741312
ctgan,3.0,8.0,sbp_bin7,0.0718781432618506,0.039454821825146855,0.06807969587735534
ctgan,3.0,8.0,sbp_bin8,0.11889773158125094,0.026713578948752252,0.07405102451589188
ctgan,3.0,8.0,sbp_bin9,0.12155443361714702,0.031227946198735465,0.0807049100668128
ctgan,3.0,8.0,sbp_bin10,0.15461076550165953,0.02478978389118306,0.03677790178020582
ctgan,3.0,8.0,dbp_bin1,0.1738282862385715,0.05086304079584496,0.046029684741931504
ctgan,3.0,8.0,dbp_bin2,0.1044423599694122,0.043362896329264086,0.05373076053707563
ctgan,3.0,8.0,dbp_bin3,0.058049098020649725,0.03448099693646363,0.21195375394956123
ctgan,3.0,8.0,dbp_bin4,0.11743686446649315,0.03617205143908975,0.02018507637007847
ctgan,3.0,8.0,dbp_bin5,0.07860948612642993,0.03652993056839077,0.30244640803787864
ctgan,3.0,8.0,dbp_bin6,0.07884501896673457,0.02487913036057937,0.04294196965640734
ctgan,3.0,8.0,dbp_bin7,0.07901391691764725,0.03713013046572288,0.06312043358460234
ctgan,3.0,8.0,dbp_bin8,0.0638378528558986,0.0226175947269878,0.021238661188881347
ctgan,3.0,8.0,dbp_bin9,0.10170887803452511,0.03633006054305182,0.06581377146647634
ctgan,3.0,8.0,dbp_bin10,0.12262254781188142,0.04997215650913678,0.06146664972710582
ctgan,3.0,9.0,sbp_bin1,0.24580288645198145,0.04229992896672074,0.039041862145016676
ctgan,3.0,9.0,sbp_bin2,0.13647221135685406,0.03422111208088468,0.012221650684809035
ctgan,3.0,9.0,sbp_bin3,0.10431064175983318,0.0328041485705746,0.19670347451407938
ctgan,3.0,9.0,sbp_bin4,0.13417395135761956,0.04433651169205039,0.08593969724813005
ctgan,3.0,9.0,sbp_bin5,0.1017477938414183,0.030219025844357452,0.012604383583925379
ctgan,3.0,9.0,sbp_bin6,0.10309063889111025,0.037037226245787,0.04283098624786569
ctgan,3.0,9.0,sbp_bin7,0.06431112678045714,0.03631915325553589,0.061700631621181834
ctgan,3.0,9.0,sbp_bin8,0.12312739613689017,0.031574714352145004,0.10622377934543477
ctgan,3.0,9.0,sbp_bin9,0.11713091378339324,0.02896141722817893,0.06223794256229818
ctgan,3.0,9.0,sbp_bin10,0.14366032290480824,0.023109451963069443,0.027806154530926656
ctgan,3.0,9.0,dbp_bin1,0.17418987352923843,0.05007382973288383,0.04505950728970928
ctgan,3.0,9.0,dbp_bin2,0.10525446185279341,0.04339727017333,0.05073746175874147
ctgan,3.0,9.0,dbp_bin3,0.06390737170958327,0.035539897141163825,0.21377366754040206
ctgan,3.0,9.0,dbp_bin4,0.11795407968133864,0.03765651628130744,0.02190648504646574
ctgan,3.0,9.0,dbp_bin5,0.0877930277942165,0.038623608988083404,0.2810000546166495
ctgan,3.0,9.0,dbp_bin6,0.07770791174947012,0.026501642380420295,0.01355837600231016
ctgan,3.0,9.0,dbp_bin7,0.08103450461445139,0.036103641617349455,0.04213451794661989
ctgan,3.0,9.0,dbp_bin8,0.0573478869286449,0.023939598642448198,0.02920939324066814
ctgan,3.0,9.0,dbp_bin9,0.07873402242393446,0.03560853532761692,0.12498457480074733
ctgan,3.0,9.0,dbp_bin10,0.1345375425804758,0.049681523361468326,0.07126565717362478
ctgan,3.0,10.0,sbp_bin1,0.2517557554565598,0.04386064480530076,0.039939059926043505
ctgan,3.0,10.0,sbp_bin2,0.13423438823168343,0.036307192996907406,0.0417848339830301
ctgan,3.0,10.0,sbp_bin3,0.08976534266053227,0.03233384621487491,0.1814388073590087
ctgan,3.0,10.0,sbp_bin4,0.1330959364309816,0.04466853907017481,0.08034890354086338
ctgan,3.0,10.0,sbp_bin5,0.10858725984436357,0.03025243955435104,0.017220867357086517
ctgan,3.0,10.0,sbp_bin6,0.08100550921730243,0.0352173960511246,0.009033990854124738
ctgan,3.0,10.0,sbp_bin7,0.06648007395397082,0.03632434044340752,0.047458388345996305
ctgan,3.0,10.0,sbp_bin8,0.11998136205425436,0.02917040541162063,0.0923678024438349
ctgan,3.0,10.0,sbp_bin9,0.1123197287846186,0.02927875238497174,0.08007386575259018
ctgan,3.0,10.0,sbp_bin10,0.1487691885850897,0.022650753245610517,0.035815756344189785
ctgan,3.0,10.0,dbp_bin1,0.1638646593535954,0.04990293870847525,0.04677784497984075
ctgan,3.0,10.0,dbp_bin2,0.1067366450375804,0.04354951171652567,0.04660455795907158
ctgan,3.0,10.0,dbp_bin3,0.055299091660652167,0.036240357926831154,0.17808699040763296
ctgan,3.0,10.0,dbp_bin4,0.12078244114663517,0.03627363404305912,0.022594751258473583
ctgan,3.0,10.0,dbp_bin5,0.08792304404580165,0.03845939465655374,0.2734257650976285
ctgan,3.0,10.0,dbp_bin6,0.07775269862381917,0.02723619413626784,0.009785668268382971
ctgan,3.0,10.0,dbp_bin7,0.09459567622952658,0.03779108316974376,0.032002769406792905
ctgan,3.0,10.0,dbp_bin8,0.07550403953869611,0.021954927223815205,0.06877932739426024
ctgan,3.0,10.0,dbp_bin9,0.09323806677972035,0.03592678296856167,0.07815436214838442
ctgan,3.0,10.0,dbp_bin10,0.12624851608484144,0.05129839994602113,0.06419042386316792
ctgan,4.0,1.0,sbp_bin1,0.23881368388628166,0.042820521557587796,0.05334903004359336
ctgan,4.0,1.0,sbp_bin2,0.1523527432980829,0.04198932665056614,0.06750327993082372
ctgan,4.0,1.0,sbp_bin3,0.0773188639438166,0.040267810951997454,0.13292702271149825
ctgan,4.0,1.0,sbp_bin4,0.114863951200735,0.044707573477217544,0.0530011251454402
ctgan,4.0,1.0,sbp_bin5,0.10750003417810994,0.029426250909661132,0.02210762577608538
ctgan,4.0,1.0,sbp_bin6,0.12133646527119168,0.03647862696548925,0.07990783264798208
ctgan,4.0,1.0,sbp_bin7,0.0729238640342692,0.043624694600446386,0.10516496658655286
ctgan,4.0,1.0,sbp_bin8,0.12030240292726158,0.03771050121623378,0.15722520932457018
ctgan,4.0,1.0,sbp_bin9,0.1291266635823527,0.032107609069179026,0.0615489674191511
ctgan,4.0,1.0,sbp_bin10,0.11349164945766177,0.018522419281759156,0.02084219403705653
ctgan,4.0,1.0,dbp_bin1,0.10715710436181569,0.05166564801226415,0.04133722466606674
ctgan,4.0,1.0,dbp_bin2,0.09309861701989097,0.04334524452395756,0.1002235677719995
ctgan,4.0,1.0,dbp_bin3,0.08135868421909331,0.03525094257866242,0.265147687239187
ctgan,4.0,1.0,dbp_bin4,0.10717058215415287,0.036265622164851734,0.04818504479384935
ctgan,4.0,1.0,dbp_bin5,0.12288029359538155,0.029917857691855423,0.12141061363177313
ctgan,4.0,1.0,dbp_bin6,0.10064951107243902,0.028656041802749704,0.025241110371158823
ctgan,4.0,1.0,dbp_bin7,0.09196574485067299,0.04054758277063809,0.059627900765261005
ctgan,4.0,1.0,dbp_bin8,0.07246416373455689,0.02404532737104317,0.02538621399078706
ctgan,4.0,1.0,dbp_bin9,0.10426865349031877,0.03204941468741731,0.03308315001037774
ctgan,4.0,1.0,dbp_bin10,0.09638296136853686,0.0341575572956781,0.03805238475834562
ctgan,4.0,2.0,sbp_bin1,0.23280225002094967,0.04289518049193102,0.05891934237420228
ctgan,4.0,2.0,sbp_bin2,0.14691403537293657,0.04120402973731792,0.0652924089008841
ctgan,4.0,2.0,sbp_bin3,0.07234392826435243,0.03831089604578065,0.13903562956803506
ctgan,4.0,2.0,sbp_bin4,0.09836870092633487,0.043793354547283427,0.03778957822530875
ctgan,4.0,2.0,sbp_bin5,0.10832264808205583,0.029703104614362878,0.01997931833144985
ctgan,4.0,2.0,sbp_bin6,0.11762654593839361,0.04028683506206367,0.0603091687174349
ctgan,4.0,2.0,sbp_bin7,0.08624389354274797,0.045309908343681385,0.07215537847848107
ctgan,4.0,2.0,sbp_bin8,0.10973752865846886,0.037326016066998764,0.17615515123525086
ctgan,4.0,2.0,sbp_bin9,0.13972818609221194,0.03292075909756765,0.05305480342162725
ctgan,4.0,2.0,sbp_bin10,0.10853552645664033,0.01910944767644537,0.014412192482137934
ctgan,4.0,2.0,dbp_bin1,0.11060078309119814,0.052251053423643376,0.040757443328968454
ctgan,4.0,2.0,dbp_bin2,0.09573420339477756,0.0436081288365385,0.08876748570133398
ctgan,4.0,2.0,dbp_bin3,0.07594669719108327,0.0342222180858001,0.265387447582256
ctgan,4.0,2.0,dbp_bin4,0.09623717758712291,0.035217949848411326,0.07067431340803701
ctgan,4.0,2.0,dbp_bin5,0.12208471711904778,0.028229344771774984,0.11099636044340398
ctgan,4.0,2.0,dbp_bin6,0.10559698412639118,0.029317309984738058,0.028981778004858072
ctgan,4.0,2.0,dbp_bin7,0.09292825188706288,0.04063428500313019,0.057227777677582935
ctgan,4.0,2.0,dbp_bin8,0.06741962272114077,0.02316458549274989,0.023852582906733387
ctgan,4.0,2.0,dbp_bin9,0.09668369406191935,0.030229806325589744,0.026582158064059655
ctgan,4.0,2.0,dbp_bin10,0.09658342710841328,0.03293606957266574,0.05924342639782214
ctgan,4.0,3.0,sbp_bin1,0.22865306747524683,0.04188692123143451,0.051264534629928186
ctgan,4.0,3.0,sbp_bin2,0.14967463091719624,0.04179130205014918,0.06651748704727709
ctgan,4.0,3.0,sbp_bin3,0.07406105705989208,0.03904359945876265,0.1364858483370444
ctgan,4.0,3.0,sbp_bin4,0.10909325859697117,0.04411395570740461,0.04418232060616828
ctgan,4.0,3.0,sbp_bin5,0.1055997898125084,0.03209616229055929,0.02424140631184856
ctgan,4.0,3.0,sbp_bin6,0.11181450448130725,0.03929787381209505,0.051220281051392307
ctgan,4.0,3.0,sbp_bin7,0.07593366641973953,0.04364394689764884,0.09669279927300756
ctgan,4.0,3.0,sbp_bin8,0.11308942755357676,0.03704055212757499,0.16704837418121976
ctgan,4.0,3.0,sbp_bin9,0.1320692313079982,0.03261067312936914,0.06114655605287229
ctgan,4.0,3.0,sbp_bin10,0.11491460752701532,0.018322034430102645,0.01933887157521059
ctgan,4.0,3.0,dbp_bin1,0.10906439017146063,0.05193502752385627,0.04142326677127661
ctgan,4.0,3.0,dbp_bin2,0.09631665957099389,0.04297975760716148,0.08376946364661905
ctgan,4.0,3.0,dbp_bin3,0.08269413737409914,0.03491253387730725,0.27124522686007524
ctgan,4.0,3.0,dbp_bin4,0.09535675856285619,0.03517760433317341,0.07361217256329541
ctgan,4.0,3.0,dbp_bin5,0.12370459561695912,0.029435705832094764,0.11864321352791189
ctgan,4.0,3.0,dbp_bin6,0.09853746033332778,0.029563301254443484,0.02039974675562592
ctgan,4.0,3.0,dbp_bin7,0.09039894342951027,0.03972074362099677,0.05713560906930588
ctgan,4.0,3.0,dbp_bin8,0.07948004127853592,0.024974575364321693,0.030194421703527412
ctgan,4.0,3.0,dbp_bin9,0.11174683085465109,0.03071788265577628,0.040901500260974735
ctgan,4.0,3.0,dbp_bin10,0.09649402321845668,0.03510056059552813,0.025422035156711587
ctgan,4.0,4.0,sbp_bin1,0.23740564853086732,0.04153623324221341,0.04359725001988207
ctgan,4.0,4.0,sbp_bin2,0.1391674114473923,0.04210185444980186,0.08717377050687203
ctgan,4.0,4.0,sbp_bin3,0.07085120073422002,0.03751880671919189,0.14373032684388193
ctgan,4.0,4.0,sbp_bin4,0.10422554543466145,0.043849253817510904,0.04294252963435237
ctgan,4.0,4.0,sbp_bin5,0.09824256867907244,0.030231084988315667,0.009658863617099295
ctgan,4.0,4.0,sbp_bin6,0.118764796835503,0.03727746623425383,0.06795526921912143
ctgan,4.0,4.0,sbp_bin7,0.07145930767374087,0.044358018319397494,0.11997143379940026
ctgan,4.0,4.0,sbp_bin8,0.12491988813395294,0.03885765032987621,0.15353322203730874
ctgan,4.0,4.0,sbp_bin9,0.13831535763977543,0.03256801058581667,0.050929342267384776
ctgan,4.0,4.0,sbp_bin10,0.10412703915307153,0.021098431858659374,0.05847141576119427
ctgan,4.0,4.0,dbp_bin1,0.11586066592748967,0.053500690483006576,0.03907998013356793
ctgan,4.0,4.0,dbp_bin2,0.09570820281591164,0.04377775469647859,0.09133210538950619
ctgan,4.0,4.0,dbp_bin3,0.07926611389329274,0.03592471555386865,0.2527990654132131
ctgan,4.0,4.0,dbp_bin4,0.10411260930654265,0.035568411141492506,0.054115170028289694
ctgan,4.0,4.0,dbp_bin5,0.12073616455799696,0.028589008271710636,0.11905937204126903
ctgan,4.0,4.0,dbp_bin6,0.09901699552821419,0.028748453856002894,0.02197241732287706
ctgan,4.0,4.0,dbp_bin7,0.09102081394991879,0.03987876357073335,0.0494586543778458
ctgan,4.0,4.0,dbp_bin8,0.07577577379742584,0.022832297732355424,0.051844343026819464
ctgan,4.0,4.0,dbp_bin9,0.11784713651694345,0.03050337671724488,0.047962316683421304
ctgan,4.0,4.0,dbp_bin10,0.09909049064187558,0.03415262109390585,0.046029965133794024
ctgan,4.0,5.0,sbp_bin1,0.2432765397428518,0.04332406075112878,0.050724039742359936
ctgan,4.0,5.0,sbp_bin2,0.15171974500571184,0.04204102064765508,0.06358244058730002
ctgan,4.0,5.0,sbp_bin3,0.07379134515715935,0.04008832021387564,0.1287052968557295
ctgan,4.0,5.0,sbp_bin4,0.10222487630595622,0.043698500570642416,0.0388270129288422
ctgan,4.0,5.0,sbp_bin5,0.11205641422945578,0.0311585654123048,0.01148128279724251
ctgan,4.0,5.0,sbp_bin6,0.10771896102766942,0.039958442395158736,0.04485522910396323
ctgan,4.0,5.0,sbp_bin7,0.07111307218797225,0.04394866272516148,0.1227972116793398
ctgan,4.0,5.0,sbp_bin8,0.12017875641284848,0.03744232456678061,0.15627993292464815
ctgan,4.0,5.0,sbp_bin9,0.13287599430671493,0.03266312106996004,0.0573952118187778
ctgan,4.0,5.0,sbp_bin10,0.11593567192385124,0.01772251184183239,0.0374794514303619
ctgan,4.0,5.0,dbp_bin1,0.11046416537981496,0.05296125567097314,0.041172221222680994
ctgan,4.0,5.0,dbp_bin2,0.10153248953184124,0.043631475888340376,0.07543614484144373
ctgan,4.0,5.0,dbp_bin3,0.07811501441237578,0.03408217704018296,0.2699402228148412
ctgan,4.0,5.0,dbp_bin4,0.10458093733785123,0.035223333634721285,0.04777894099547543
ctgan,4.0,5.0,dbp_bin5,0.11991141973410913,0.030299679080440987,0.13107243123560006
ctgan,4.0,5.0,dbp_bin6,0.10270265859898997,0.033119937881676345,0.04423767775407168
ctgan,4.0,5.0,dbp_bin7,0.07979791885498155,0.0390753200268962,0.08632103143402381
ctgan,4.0,5.0,dbp_bin8,0.07630380510636392,0.024633681213543385,0.02886208219037492
ctgan,4.0,5.0,dbp_bin9,0.11164430181744289,0.034567864037700985,0.04951064053538113
ctgan,4.0,5.0,dbp_bin10,0.09516259467990285,0.034570774660405916,0.03509460401700322
ctgan,4.0,6.0,sbp_bin1,0.23753119763741892,0.042938483865389045,0.05906425442711229
ctgan,4.0,6.0,sbp_bin2,0.15318288199402852,0.04179159079628228,0.0604820223512965
ctgan,4.0,6.0,sbp_bin3,0.071257273714191,0.03876704714146304,0.13094682048277295
ctgan,4.0,6.0,sbp_bin4,0.10611726906624908,0.042292830513410345,0.03928237416047518
ctgan,4.0,6.0,sbp_bin5,0.11413217528693753,0.030568700189602435,0.020328432880395604
ctgan,4.0,6.0,sbp_bin6,0.13108330322491668,0.038125535658876934,0.07831006926524223
ctgan,4.0,6.0,sbp_bin7,0.07903301074670366,0.04536060652165596,0.10064647151431658
ctgan,4.0,6.0,sbp_bin8,0.11177453894953526,0.03569437647686848,0.16344231423931627
ctgan,4.0,6.0,sbp_bin9,0.13005241914520838,0.03336406824315804,0.07330569484517649
ctgan,4.0,6.0,sbp_bin10,0.12439684803732398,0.017691715536443896,0.05092484601073112
ctgan,4.0,6.0,dbp_bin1,0.10710747289016709,0.05220945777433296,0.046338463999608726
ctgan,4.0,6.0,dbp_bin2,0.10080817126438768,0.042774859469087066,0.07241989944643867
ctgan,4.0,6.0,dbp_bin3,0.08136644403767668,0.03666749179349216,0.25391336798708464
ctgan,4.0,6.0,dbp_bin4,0.09513715571656278,0.035954660794775474,0.08445299475963428
ctgan,4.0,6.0,dbp_bin5,0.12153381242583239,0.028688763602243605,0.11701824730749105
ctgan,4.0,6.0,dbp_bin6,0.0970651027171594,0.03225785886291472,0.042763087314932946
ctgan,4.0,6.0,dbp_bin7,0.0889405761287464,0.038313524358388286,0.04387767469948681
ctgan,4.0,6.0,dbp_bin8,0.07384498951249274,0.025175034691329104,0.018539196253546948
ctgan,4.0,6.0,dbp_bin9,0.11139547347725687,0.03087099902750046,0.03818350229092442
ctgan,4.0,6.0,dbp_bin10,0.09252231170191894,0.03506854517295929,0.020028100126649455
ctgan,4.0,7.0,sbp_bin1,0.24748701059188238,0.04329484675696712,0.04347339398324923
ctgan,4.0,7.0,sbp_bin2,0.14181616735150182,0.041338146116910536,0.07654210702685008
ctgan,4.0,7.0,sbp_bin3,0.07893680619420895,0.03899766684000527,0.14589891701082114
ctgan,4.0,7.0,sbp_bin4,0.10258529726613619,0.0437620409400801,0.04104102753023057
ctgan,4.0,7.0,sbp_bin5,0.11356406075516945,0.03154589747679076,0.012134128671354012
ctgan,4.0,7.0,sbp_bin6,0.12002908000067658,0.039973311193786644,0.05924588947529201
ctgan,4.0,7.0,sbp_bin7,0.08266796832882795,0.04494781345371232,0.08372744197931932
ctgan,4.0,7.0,sbp_bin8,0.12069307451289168,0.037660767932450295,0.15923372673396027
ctgan,4.0,7.0,sbp_bin9,0.1310315654013139,0.030814364313626694,0.04777833997005596
ctgan,4.0,7.0,sbp_bin10,0.11131721734645039,0.019135566092355775,0.01284342602042943
ctgan,4.0,7.0,dbp_bin1,0.10979905567799797,0.0531389258259551,0.04240153559950187
ctgan,4.0,7.0,dbp_bin2,0.09726264362213877,0.04347561997364373,0.08605283322279678
ctgan,4.0,7.0,dbp_bin3,0.08094009136189717,0.03595352010977818,0.25680540195925006
ctgan,4.0,7.0,dbp_bin4,0.10920241922367036,0.037111701284802893,0.052400015833746844
ctgan,4.0,7.0,dbp_bin5,0.11947090264343807,0.028235422871864948,0.11329226963050884
ctgan,4.0,7.0,dbp_bin6,0.10272035030339688,0.03189936511639226,0.0322880285517662
ctgan,4.0,7.0,dbp_bin7,0.09553043105959813,0.041599098508516966,0.059677026617112765
ctgan,4.0,7.0,dbp_bin8,0.06884951640647963,0.02456029238247748,0.00968786927673923
ctgan,4.0,7.0,dbp_bin9,0.11237268679798251,0.03191624757904692,0.037699866224043435
ctgan,4.0,7.0,dbp_bin10,0.10080282514024264,0.03625935257291043,0.01945725038397928
ctgan,4.0,8.0,sbp_bin1,0.22972613927200514,0.04167257634782735,0.04618959393987955
ctgan,4.0,8.0,sbp_bin2,0.15183182874751056,0.04227778025798917,0.06395731010592476
ctgan,4.0,8.0,sbp_bin3,0.0730994007762843,0.03953049507246448,0.1292467950740151
ctgan,4.0,8.0,sbp_bin4,0.10110061512086177,0.043125935985341535,0.041041928489613536
ctgan,4.0,8.0,sbp_bin5,0.10490296762834272,0.03067876727419268,0.008059988813707746
ctgan,4.0,8.0,sbp_bin6,0.10499372234019011,0.04051120244223635,0.04454752773032593
ctgan,4.0,8.0,sbp_bin7,0.07466491350276017,0.04430365467636511,0.10457452452917974
ctgan,4.0,8.0,sbp_bin8,0.12390329268530853,0.03731209273077625,0.15105399806697667
ctgan,4.0,8.0,sbp_bin9,0.1362503576617411,0.03316666812856914,0.060536320593296895
ctgan,4.0,8.0,sbp_bin10,0.11701092191044105,0.018548931045534064,0.0201397305118114
ctgan,4.0,8.0,dbp_bin1,0.1100977949278068,0.05287678974003686,0.041994540851940626
ctgan,4.0,8.0,dbp_bin2,0.11203365423772005,0.04440789381366224,0.05752961029944888
ctgan,4.0,8.0,dbp_bin3,0.07845370365893922,0.035464412061039216,0.2557101418472079
ctgan,4.0,8.0,dbp_bin4,0.10158111152197391,0.03627430348444707,0.06198001800207942
ctgan,4.0,8.0,dbp_bin5,0.11980583717122695,0.02904163382990096,0.11862017123718717
ctgan,4.0,8.0,dbp_bin6,0.09958975919158519,0.030767363817402405,0.023127474395721964
ctgan,4.0,8.0,dbp_bin7,0.08701415302124182,0.03834842474235371,0.05030818674732867
ctgan,4.0,8.0,dbp_bin8,0.0833268285865747,0.023026973668789957,0.06728133223901038
ctgan,4.0,8.0,dbp_bin9,0.0992800058674721,0.03561840121322393,0.06727918401477476
ctgan,4.0,8.0,dbp_bin10,0.09980945426911791,0.03294324833064885,0.06868281373896848
ctgan,4.0,9.0,sbp_bin1,0.2369070944251267,0.04211936412071801,0.046584801124868125
ctgan,4.0,9.0,sbp_bin2,0.14919494442979742,0.04220419521984135,0.07339764096900483
ctgan,4.0,9.0,sbp_bin3,0.07514888350694249,0.03931093919746205,0.13560966211886616
ctgan,4.0,9.0,sbp_bin4,0.10870378313261198,0.0447650093626865,0.04756677867652378
ctgan,4.0,9.0,sbp_bin5,0.10857027861525492,0.031247032642479806,0.012896720327634425
ctgan,4.0,9.0,sbp_bin6,0.12222892487735626,0.03678950576175133,0.07824124603293575
ctgan,4.0,9.0,sbp_bin7,0.07486232133617476,0.043762204768221895,0.10443267104353988
ctgan,4.0,9.0,sbp_bin8,0.11857935544338516,0.0376458803011481,0.15817047100982504
ctgan,4.0,9.0,sbp_bin9,0.13973463212128767,0.03248172943789803,0.049367031802477535
ctgan,4.0,9.0,sbp_bin10,0.11773423042450137,0.020160985214390404,0.011168072979357093
ctgan,4.0,9.0,dbp_bin1,0.11173774232167155,0.053631055004661414,0.038923941212575155
ctgan,4.0,9.0,dbp_bin2,0.09826869254072235,0.04310672811672237,0.08392664295537011
ctgan,4.0,9.0,dbp_bin3,0.08418558451204594,0.03539901641815451,0.2722332179128807
ctgan,4.0,9.0,dbp_bin4,0.0943923961396046,0.035172246717474154,0.07322103735719002
ctgan,4.0,9.0,dbp_bin5,0.1105364269995408,0.029554436862802905,0.13411485123587952
ctgan,4.0,9.0,dbp_bin6,0.10009257875855249,0.02850575622120266,0.02567936643239048
ctgan,4.0,9.0,dbp_bin7,0.08285720268640517,0.03792571175613571,0.05945965335380996
ctgan,4.0,9.0,dbp_bin8,0.09291556795221578,0.023755517343183975,0.07389292878700655
ctgan,4.0,9.0,dbp_bin9,0.11434008529951345,0.030226057679191915,0.04073270451694521
ctgan,4.0,9.0,dbp_bin10,0.09357778655704141,0.03429448103433959,0.028723858232462762
ctgan,4.0,10.0,sbp_bin1,0.2372987294740696,0.0421321463481975,0.04356726537180489
ctgan,4.0,10.0,sbp_bin2,0.14180764394018308,0.04183662428782532,0.07976749095928909
ctgan,4.0,10.0,sbp_bin3,0.06979395115585219,0.03923088662570363,0.12635617247392195
ctgan,4.0,10.0,sbp_bin4,0.0983388751899329,0.04199754842695157,0.03872868846731689
ctgan,4.0,10.0,sbp_bin5,0.10544235632223553,0.030731400242827778,0.008687711095904502
ctgan,4.0,10.0,sbp_bin6,0.10682106699714089,0.041912543301251895,0.050871667221138686
ctgan,4.0,10.0,sbp_bin7,0.07073788621546062,0.044386303794336245,0.12513819330332407
ctgan,4.0,10.0,sbp_bin8,0.11219905418108889,0.037081639608487225,0.1615125802863333
ctgan,4.0,10.0,sbp_bin9,0.1410840224161226,0.033187932236244076,0.05223929209502195
ctgan,4.0,10.0,sbp_bin10,0.1085227725998289,0.019520678288301754,0.016051477716452083
ctgan,4.0,10.0,dbp_bin1,0.11270892553846068,0.052867377588678384,0.034215745666010954
ctgan,4.0,10.0,dbp_bin2,0.10973257251619051,0.04369564719780063,0.056889767021844936
ctgan,4.0,10.0,dbp_bin3,0.08114003651164925,0.0363363110563063,0.25293224447052265
ctgan,4.0,10.0,dbp_bin4,0.10275738182813565,0.034524849554326505,0.03901077505893648
ctgan,4.0,10.0,dbp_bin5,0.12029354347830568,0.02863726782189939,0.11553414449834401
ctgan,4.0,10.0,dbp_bin6,0.0959532702355298,0.027737916203818807,0.028019104693807924
ctgan,4.0,10.0,dbp_bin7,0.08928293582197777,0.040288007209726195,0.0641911142618033
ctgan,4.0,10.0,dbp_bin8,0.07752324610388772,0.02328016094488998,0.05028906314697344
ctgan,4.0,10.0,dbp_bin9,0.1069132719502004,0.030874359327090067,0.03492586003401437
ctgan,4.0,10.0,dbp_bin10,0.09805957698342382,0.03359964699150907,0.05127970574870528
ctgan,5.0,1.0,sbp_bin1,0.2271000271229381,0.03558378962393528,0.03516839002767927
ctgan,5.0,1.0,sbp_bin2,0.17362854142435846,0.03676843540373673,0.03505680280869648
ctgan,5.0,1.0,sbp_bin3,0.08817467600464379,0.034435408895719076,0.1517411856024723
ctgan,5.0,1.0,sbp_bin4,0.08805223204535317,0.03914007861675078,0.028827628275653574
ctgan,5.0,1.0,sbp_bin5,0.10449767244137098,0.03317420553561084,0.04363298519594783
ctgan,5.0,1.0,sbp_bin6,0.11153887040802568,0.03363293665791125,0.025412542425841577
ctgan,5.0,1.0,sbp_bin7,0.09944204700981463,0.04284351851765958,0.04399060866205755
ctgan,5.0,1.0,sbp_bin8,0.11439889143978244,0.04064052729917306,0.11793391118179125
ctgan,5.0,1.0,sbp_bin9,0.16729958813315327,0.0342831656839052,0.05115528786950876
ctgan,5.0,1.0,sbp_bin10,0.0961725900680469,0.023916717696827287,0.013777757954435359
ctgan,5.0,1.0,dbp_bin1,0.148494256694234,0.058395449498831985,0.05236017669089723
ctgan,5.0,1.0,dbp_bin2,0.11066784603457946,0.046188723275996005,0.07301578377486578
ctgan,5.0,1.0,dbp_bin3,0.04441920208509775,0.032459548694027916,0.17659424397399348
ctgan,5.0,1.0,dbp_bin4,0.10182889921839511,0.033286388017972894,0.01433055814868427
ctgan,5.0,1.0,dbp_bin5,0.1323044570445715,0.04553820531405089,0.22159311250228356
ctgan,5.0,1.0,dbp_bin6,0.09815482666111541,0.03679918356279165,0.06045174301882872
ctgan,5.0,1.0,dbp_bin7,0.08049671243534484,0.030503950073023256,0.03129946087589619
ctgan,5.0,1.0,dbp_bin8,0.08287819959553466,0.02736987558510106,0.039842820070887144
ctgan,5.0,1.0,dbp_bin9,0.08652016518601713,0.027719667541434786,0.024883457886234417
ctgan,5.0,1.0,dbp_bin10,0.11276419210657984,0.040887964548315475,0.038320015441335994
ctgan,5.0,2.0,sbp_bin1,0.22951313467658063,0.03492530355837672,0.03759445555750947
ctgan,5.0,2.0,sbp_bin2,0.17528185460012669,0.03950319317937104,0.042546727837317375
ctgan,5.0,2.0,sbp_bin3,0.083128694178071,0.032242343897329245,0.165709962538601
ctgan,5.0,2.0,sbp_bin4,0.07880725668561406,0.038573040013332345,0.007944214182242358
ctgan,5.0,2.0,sbp_bin5,0.09425430399365964,0.03202903642496173,0.05037467432699182
ctgan,5.0,2.0,sbp_bin6,0.10987776752902889,0.035430304337949574,0.007726141650823861
ctgan,5.0,2.0,sbp_bin7,0.08403553078706671,0.04086131039623029,0.039236404094673896
ctgan,5.0,2.0,sbp_bin8,0.11314887465384349,0.0394749101712141,0.10494873997668291
ctgan,5.0,2.0,sbp_bin9,0.152919294788476,0.033151478164753334,0.04348820296459041
ctgan,5.0,2.0,sbp_bin10,0.12894501758571442,0.02185950463048542,0.06879748760332684
ctgan,5.0,2.0,dbp_bin1,0.1457012455836415,0.05831930013921957,0.053291495933431826
ctgan,5.0,2.0,dbp_bin2,0.09585392468847242,0.045074120136770694,0.10116756755462758
ctgan,5.0,2.0,dbp_bin3,0.04728958443639408,0.03076234968236956,0.21321385761482142
ctgan,5.0,2.0,dbp_bin4,0.10544208432752111,0.029943543037513582,0.04567311800472937
ctgan,5.0,2.0,dbp_bin5,0.13030740052888512,0.045250863010599336,0.21819971025436202
ctgan,5.0,2.0,dbp_bin6,0.10560052219617055,0.03763639340237734,0.05670530240109138
ctgan,5.0,2.0,dbp_bin7,0.07398027247127681,0.03280106710180928,0.026963901403360593
ctgan,5.0,2.0,dbp_bin8,0.07869975892287984,0.026227324430215915,0.04295194406345415
ctgan,5.0,2.0,dbp_bin9,0.09518060274331264,0.030529721806951658,0.03854658615963017
ctgan,5.0,2.0,dbp_bin10,0.12369398736260107,0.040475874160429616,0.05703950629525514
ctgan,5.0,3.0,sbp_bin1,0.24046623273310908,0.03559670555000243,0.03285663209573614
ctgan,5.0,3.0,sbp_bin2,0.18043790895919176,0.037220194463591476,0.042202501812607124
ctgan,5.0,3.0,sbp_bin3,0.08602670897548159,0.03080077736140866,0.18752499429391983
ctgan,5.0,3.0,sbp_bin4,0.08952494122338928,0.03742061928226453,0.050728298478098593
ctgan,5.0,3.0,sbp_bin5,0.10435811022074248,0.03273647332733347,0.03263012686812131
ctgan,5.0,3.0,sbp_bin6,0.1160444424697582,0.03491519129174802,0.01688117702519765
ctgan,5.0,3.0,sbp_bin7,0.08846461431989738,0.042421216293887835,0.04700223048361557
ctgan,5.0,3.0,sbp_bin8,0.11200949590260989,0.04015762278674051,0.1160059788042068
ctgan,5.0,3.0,sbp_bin9,0.1653574164023195,0.03353075408513995,0.05173246937312339
ctgan,5.0,3.0,sbp_bin10,0.1328946382530649,0.022927750306983442,0.06837358632526164
ctgan,5.0,3.0,dbp_bin1,0.15861495826029237,0.05996581720512287,0.05407348589054471
ctgan,5.0,3.0,dbp_bin2,0.10410449311828107,0.04516338178053484,0.07906130648090394
ctgan,5.0,3.0,dbp_bin3,0.04435360799030397,0.03115296116434098,0.1947921257432218
ctgan,5.0,3.0,dbp_bin4,0.10724573237784485,0.032138180757401366,0.013343400980319976
ctgan,5.0,3.0,dbp_bin5,0.1317341491451145,0.045384721477515745,0.21580080611667116
ctgan,5.0,3.0,dbp_bin6,0.10761951823358651,0.03770684742986807,0.055655311225335374
ctgan,5.0,3.0,dbp_bin7,0.07780064488886562,0.033495055275500424,0.023030742920158803
ctgan,5.0,3.0,dbp_bin8,0.07875332225323572,0.026293873407407284,0.04401019665184506
ctgan,5.0,3.0,dbp_bin9,0.08741042876097627,0.029408694903000226,0.04118026457846848
ctgan,5.0,3.0,dbp_bin10,0.11241084363226717,0.0410977376395269,0.03481064209431861
ctgan,5.0,4.0,sbp_bin1,0.2266241102067582,0.03395984904433308,0.03922996866672372
ctgan,5.0,4.0,sbp_bin2,0.1875954529721363,0.03724424676680419,0.04560924803402205
ctgan,5.0,4.0,sbp_bin3,0.09391689713882856,0.033858883230062316,0.16764361887202325
ctgan,5.0,4.0,sbp_bin4,0.07472648517797797,0.03828549758774709,0.011095428498940135
ctgan,5.0,4.0,sbp_bin5,0.09986155631453686,0.03316150414755382,0.05487793421224392
ctgan,5.0,4.0,sbp_bin6,0.10359026019995388,0.03444983613734325,0.011436803258172664
ctgan,5.0,4.0,sbp_bin7,0.1053424968387936,0.04152876904557469,0.0486690621998534
ctgan,5.0,4.0,sbp_bin8,0.11596991557143588,0.03997700294788109,0.1039255790754344
ctgan,5.0,4.0,sbp_bin9,0.1621883769030813,0.031664347547918394,0.04143408563886666
ctgan,5.0,4.0,sbp_bin10,0.14105692156435334,0.02272232933551476,0.07553740375107054
ctgan,5.0,4.0,dbp_bin1,0.14600734820756645,0.05756888381719899,0.04826972380157595
ctgan,5.0,4.0,dbp_bin2,0.09744694333688997,0.04588576968218727,0.10656724975318331
ctgan,5.0,4.0,dbp_bin3,0.04531542537025368,0.033452488353005204,0.1669857575403511
ctgan,5.0,4.0,dbp_bin4,0.12073766500914884,0.03451707576955177,0.018447401296671488
ctgan,5.0,4.0,dbp_bin5,0.13096963218884672,0.04494168419656585,0.21240507694405947
ctgan,5.0,4.0,dbp_bin6,0.10164329392739624,0.03794710913423991,0.06473617341060774
ctgan,5.0,4.0,dbp_bin7,0.08043011194422711,0.0314080641790031,0.018922445266568725
ctgan,5.0,4.0,dbp_bin8,0.07475851085736818,0.026531413521775373,0.031998143541803206
ctgan,5.0,4.0,dbp_bin9,0.08633854250169326,0.030194182985341503,0.05741129651772381
ctgan,5.0,4.0,dbp_bin10,0.11753551744170665,0.04063171764355586,0.05062806291155822
ctgan,5.0,5.0,sbp_bin1,0.23008135961489118,0.03475734996924779,0.03764977297542992
ctgan,5.0,5.0,sbp_bin2,0.17806083630950464,0.036854922521652185,0.04031069230204347
ctgan,5.0,5.0,sbp_bin3,0.09252284368584696,0.035431425365278726,0.15498849820100535
ctgan,5.0,5.0,sbp_bin4,0.07385707058299118,0.039145187945108136,0.02587220706484849
ctgan,5.0,5.0,sbp_bin5,0.10906064456774056,0.03207178939089347,0.023578978344145875
ctgan,5.0,5.0,sbp_bin6,0.10877442794994607,0.033748741703693776,0.015002570941933569
ctgan,5.0,5.0,sbp_bin7,0.11913431565963928,0.043088425685291046,0.06287582035414513
ctgan,5.0,5.0,sbp_bin8,0.11796728209030216,0.03933412467002028,0.09137471810503203
ctgan,5.0,5.0,sbp_bin9,0.153397874629134,0.032755978754702535,0.043349464122330116
ctgan,5.0,5.0,sbp_bin10,0.13162928396375684,0.02281853814806146,0.06646050261399157
ctgan,5.0,5.0,dbp_bin1,0.1418367628372933,0.05775790636231329,0.05291148074617834
ctgan,5.0,5.0,dbp_bin2,0.08742780514509962,0.04374907966398745,0.1169083257854758
ctgan,5.0,5.0,dbp_bin3,0.05135437361148043,0.033738316358264825,0.18369433024511977
ctgan,5.0,5.0,dbp_bin4,0.10741455722467663,0.03204646802233815,0.015831878306404843
ctgan,5.0,5.0,dbp_bin5,0.13377291994765306,0.04625117226949981,0.21559701407396686
ctgan,5.0,5.0,dbp_bin6,0.09913192130365023,0.03621371568283025,0.05746279547490646
ctgan,5.0,5.0,dbp_bin7,0.08268490722368005,0.03312045724684841,0.009639199895290669
ctgan,5.0,5.0,dbp_bin8,0.06982513196966988,0.028135719320041594,0.018737565203858893
ctgan,5.0,5.0,dbp_bin9,0.09010697251432576,0.0275544387008486,0.025406560578470315
ctgan,5.0,5.0,dbp_bin10,0.11553370001321484,0.04106779964988332,0.0433030902807585
ctgan,5.0,6.0,sbp_bin1,0.22890644773151192,0.03519745776038089,0.03620656478902252
ctgan,5.0,6.0,sbp_bin2,0.17919486255405037,0.037303850716692996,0.04019756325291783
ctgan,5.0,6.0,sbp_bin3,0.09185236758387871,0.033200980971848176,0.17052446841677388
ctgan,5.0,6.0,sbp_bin4,0.07798154624807185,0.03907527069287765,0.009357529494197374
ctgan,5.0,6.0,sbp_bin5,0.09644742838065501,0.03340436655328504,0.06537320693941912
ctgan,5.0,6.0,sbp_bin6,0.10729557515766774,0.034317661968448966,0.007858865559985741
ctgan,5.0,6.0,sbp_bin7,0.09985197966105352,0.0417667121436036,0.039564201691071166
ctgan,5.0,6.0,sbp_bin8,0.11964096527128609,0.04052157132642098,0.10296126009497723
ctgan,5.0,6.0,sbp_bin9,0.15978227063977946,0.03188532196162764,0.04401454623072311
ctgan,5.0,6.0,sbp_bin10,0.1364078119253379,0.022894170826538354,0.06716593308547311
ctgan,5.0,6.0,dbp_bin1,0.14426935813747388,0.058831142103440814,0.05870882859874895
ctgan,5.0,6.0,dbp_bin2,0.10538632745814258,0.04680867182800076,0.09170156215663197
ctgan,5.0,6.0,dbp_bin3,0.042543016731028116,0.032563573424514256,0.16646682092653797
ctgan,5.0,6.0,dbp_bin4,0.10894145595552496,0.03162221684316669,0.026128277190624907
ctgan,5.0,6.0,dbp_bin5,0.13483222646640525,0.04590167384561117,0.21446283461049465
ctgan,5.0,6.0,dbp_bin6,0.1062638645693339,0.0362262546553556,0.048076578178229384
ctgan,5.0,6.0,dbp_bin7,0.07908158799147091,0.03305830679758749,0.013700211725405993
ctgan,5.0,6.0,dbp_bin8,0.07159291457768191,0.030011829485980274,0.03604123479438788
ctgan,5.0,6.0,dbp_bin9,0.09948071606824582,0.032965691078220484,0.0542854168872956
ctgan,5.0,6.0,dbp_bin10,0.11378384904301642,0.04076335491618604,0.040313318429790496
ctgan,5.0,7.0,sbp_bin1,0.23520664582051232,0.03512326781416947,0.035053449492856666
ctgan,5.0,7.0,sbp_bin2,0.18090695567335247,0.03590641126952448,0.04373373930962812
ctgan,5.0,7.0,sbp_bin3,0.08599886990249017,0.036807943293596275,0.1292024543967286
ctgan,5.0,7.0,sbp_bin4,0.07921679542664029,0.03665339178869159,0.03151384051334551
ctgan,5.0,7.0,sbp_bin5,0.09183600148707605,0.032063003811293865,0.061361743614260555
ctgan,5.0,7.0,sbp_bin6,0.10351736370926923,0.03401289116214683,0.009419041247485764
ctgan,5.0,7.0,sbp_bin7,0.09272334463522658,0.04300220225225158,0.0456454787528587
ctgan,5.0,7.0,sbp_bin8,0.11078982238585333,0.039526834638519706,0.11397291470734222
ctgan,5.0,7.0,sbp_bin9,0.15961572120185652,0.03215293149020886,0.04552181481986187
ctgan,5.0,7.0,sbp_bin10,0.1379885258821375,0.023077511235676442,0.07301786085951736
ctgan,5.0,7.0,dbp_bin1,0.14275823870709137,0.05756749529805671,0.050708461830868454
ctgan,5.0,7.0,dbp_bin2,0.09022294330606873,0.044535152525950486,0.114557699681717
ctgan,5.0,7.0,dbp_bin3,0.042152973184689246,0.033372586301879864,0.14988621651711587
ctgan,5.0,7.0,dbp_bin4,0.10416010052778801,0.030053809357823202,0.036362812851706214
ctgan,5.0,7.0,dbp_bin5,0.13321208303666499,0.04573431920944719,0.20935019286476544
ctgan,5.0,7.0,dbp_bin6,0.10324630307303395,0.0373614378807158,0.05952522267976023
ctgan,5.0,7.0,dbp_bin7,0.07046906600390401,0.031792062145803414,0.027537373746761518
ctgan,5.0,7.0,dbp_bin8,0.07341639756376506,0.028331207631169128,0.019004424675056107
ctgan,5.0,7.0,dbp_bin9,0.0857705952870258,0.029112918255949194,0.043449323683907984
ctgan,5.0,7.0,dbp_bin10,0.12181540690971249,0.03962399060315369,0.062364459899388186
ctgan,5.0,8.0,sbp_bin1,0.23866527027087225,0.036526635596656906,0.030710966607297274
ctgan,5.0,8.0,sbp_bin2,0.18348490771551618,0.037069425604916335,0.04537297804201658
ctgan,5.0,8.0,sbp_bin3,0.08806083776278584,0.0326349285629047,0.17026463884086723
ctgan,5.0,8.0,sbp_bin4,0.09725830779993816,0.03933761669320725,0.05266569283084872
ctgan,5.0,8.0,sbp_bin5,0.09385617341571095,0.03356130942164617,0.07273597649420661
ctgan,5.0,8.0,sbp_bin6,0.10939205395774432,0.03338297579974709,0.022450111003567634
ctgan,5.0,8.0,sbp_bin7,0.08617758566106748,0.04204246694233579,0.042974348683674876
ctgan,5.0,8.0,sbp_bin8,0.11086500341766559,0.03910370792342028,0.10960468016177145
ctgan,5.0,8.0,sbp_bin9,0.14952173468591867,0.03316171668189034,0.04295750156331814
ctgan,5.0,8.0,sbp_bin10,0.1411116628047443,0.02219933598957401,0.08239740006272185
ctgan,5.0,8.0,dbp_bin1,0.1416190420365001,0.05721519915858248,0.04982006196073476
ctgan,5.0,8.0,dbp_bin2,0.09220455169110153,0.04504672258860829,0.11099287719436289
ctgan,5.0,8.0,dbp_bin3,0.0447474090874489,0.032789422165573616,0.17366054507548756
ctgan,5.0,8.0,dbp_bin4,0.11078622972290697,0.03424926176613196,0.012781219978383655
ctgan,5.0,8.0,dbp_bin5,0.12528056050209968,0.04514576486415018,0.21749669304823577
ctgan,5.0,8.0,dbp_bin6,0.10253784431288804,0.036642402437866255,0.05468371696886652
ctgan,5.0,8.0,dbp_bin7,0.08217739261183743,0.03226092479602205,0.009495053468545863
ctgan,5.0,8.0,dbp_bin8,0.08270323623742881,0.028098460188362814,0.03468559226371773
ctgan,5.0,8.0,dbp_bin9,0.0835664700322356,0.03163340899712912,0.07822680852447604
ctgan,5.0,8.0,dbp_bin10,0.11905655451459562,0.040400514322175174,0.055860931099378806
ctgan,5.0,9.0,sbp_bin1,0.22038260840505208,0.03495027888852145,0.0372397976785649
ctgan,5.0,9.0,sbp_bin2,0.1738075907663147,0.037081267998064625,0.03958366050372513
ctgan,5.0,9.0,sbp_bin3,0.0944719781449539,0.034379756856754616,0.16469798238984176
ctgan,5.0,9.0,sbp_bin4,0.07818709672996582,0.037473162614794005,0.016073137298732377
ctgan,5.0,9.0,sbp_bin5,0.11093453656048147,0.03268864250981811,0.026465795690659592
ctgan,5.0,9.0,sbp_bin6,0.10924854237756343,0.032803335611249644,0.031738495805713945
ctgan,5.0,9.0,sbp_bin7,0.09826861959275113,0.04312112712819131,0.04794302141559901
ctgan,5.0,9.0,sbp_bin8,0.11267843345035566,0.04048572477948297,0.11800977161713325
ctgan,5.0,9.0,sbp_bin9,0.16138926143572163,0.03189678714319639,0.045667063098953874
ctgan,5.0,9.0,sbp_bin10,0.10968799153744613,0.02383774706387625,0.022799277479436872
ctgan,5.0,9.0,dbp_bin1,0.14217712774891778,0.05772486693985188,0.056605098237377874
ctgan,5.0,9.0,dbp_bin2,0.10059434992900051,0.04465263971211138,0.08203951432996508
ctgan,5.0,9.0,dbp_bin3,0.04253434999339567,0.03269401986615816,0.16649875022758737
ctgan,5.0,9.0,dbp_bin4,0.10257021232562002,0.03269029402069286,0.009124949492517371
ctgan,5.0,9.0,dbp_bin5,0.12823037101537849,0.04577720385201746,0.22856084894094547
ctgan,5.0,9.0,dbp_bin6,0.110615714866791,0.037850492587086365,0.061603838978904236
ctgan,5.0,9.0,dbp_bin7,0.07785712098756081,0.03351371248758207,0.026827584146547317
ctgan,5.0,9.0,dbp_bin8,0.08413806958268699,0.02710781095649629,0.040650578381426106
ctgan,5.0,9.0,dbp_bin9,0.08604956046648637,0.03218201482812519,0.08041017456936345
ctgan,5.0,9.0,dbp_bin10,0.12167255232117591,0.04128170451327899,0.04707947138259192
ctgan,5.0,10.0,sbp_bin1,0.23140839336143837,0.036091596318530664,0.03567346675132432
ctgan,5.0,10.0,sbp_bin2,0.1808074430803589,0.03723904891155789,0.040526141997951126
ctgan,5.0,10.0,sbp_bin3,0.08888489721971704,0.03357855293808647,0.1602406968004692
ctgan,5.0,10.0,sbp_bin4,0.07271555687600706,0.03712920777768699,0.007801001854210588
ctgan,5.0,10.0,sbp_bin5,0.10310575802396582,0.033956424358771345,0.05521852081996238
ctgan,5.0,10.0,sbp_bin6,0.11443170570855898,0.03559805204366089,0.005084674941550119
ctgan,5.0,10.0,sbp_bin7,0.0985072204004167,0.04297860781034239,0.04271235740551685
ctgan,5.0,10.0,sbp_bin8,0.11220928702961408,0.040272858584967826,0.11492061226494381
ctgan,5.0,10.0,sbp_bin9,0.1632304753524838,0.03351898065341665,0.052435912169375806
ctgan,5.0,10.0,sbp_bin10,0.13551080642797997,0.0224824450763273,0.06736066910335461
ctgan,5.0,10.0,dbp_bin1,0.1518656148102412,0.05932024967224366,0.054816774648433986
ctgan,5.0,10.0,dbp_bin2,0.09897469925109548,0.04480992438406428,0.08668636529239676
ctgan,5.0,10.0,dbp_bin3,0.04822901204219576,0.03202032209241871,0.19302131338252687
ctgan,5.0,10.0,dbp_bin4,0.11625550435631082,0.030829713320709336,0.050993496333356966
ctgan,5.0,10.0,dbp_bin5,0.12948224439383293,0.0458125991256345,0.2213143304258065
ctgan,5.0,10.0,dbp_bin6,0.09556908917146323,0.038699245546866656,0.08617051307872678
ctgan,5.0,10.0,dbp_bin7,0.08170182465583886,0.0321618713769867,0.008732232343103606
ctgan,5.0,10.0,dbp_bin8,0.0694153507322971,0.028073671536895033,0.018529290308116318
ctgan,5.0,10.0,dbp_bin9,0.08875877419382461,0.03103117215791564,0.056808142287925426
ctgan,5.0,10.0,dbp_bin10,0.11740704897121101,0.04130829959651632,0.0449662311963827
